,Buffett,CAPE,M2_YoY,VIX,CI_Loans_YoY,FedBalanceSheet_YoY,RRP_YoY,HY_Spread,IG_Spread,VolTerm,Buffett_z,CAPE_z,M2_YoY_z,VIX_z,CI_Loans_z,FedBalanceSheet_z,RRP_z,HY_Spread_z,IG_Spread_z,VolTerm_z,Composite,Composite_real_time,SP500,SPX_Drawdown
1990-12-31,52.1087,15.8463,3.4476,26.3800,1.1306,5.5482,0.0000,3.1300,2.3595,1.0010,-0.8378,-0.6918,-1.1823,0.5884,-1.1011,0.0000,0.0000,-0.0000,1.2314,0.0000,-0.3306,,330.2200,0.0000
1991-01-31,53.6831,15.6062,3.9785,20.9100,-0.3471,5.5482,0.0000,3.1300,2.3605,1.0010,-0.4220,-0.8987,-0.6997,-0.9027,-1.5000,0.0000,0.0000,0.0000,1.1840,0.0000,-0.2243,,343.9300,0.0000
1991-02-28,58.0683,17.3547,3.9429,21.2300,-0.2669,5.5482,0.0000,3.1300,2.2137,1.0010,0.7070,0.8345,-0.7098,-0.7877,-1.3867,0.0000,0.0000,0.0000,0.8562,0.0000,0.5267,,367.0700,0.0000
1991-03-31,59.7501,17.8186,4.2517,16.8800,-0.3990,5.5482,0.0000,3.1300,1.9800,1.0010,1.1038,1.2412,-0.4266,-1.8393,-1.3520,0.0000,0.0000,-0.0000,0.3744,0.0000,0.8079,,375.2200,0.0000
1991-04-30,60.0091,18.1553,3.8646,18.2400,-1.5300,5.5482,0.0000,3.1300,1.9032,1.0010,1.1235,1.4839,-0.7535,-1.3948,-1.6006,0.0000,0.0000,0.0000,0.2129,0.0000,0.8137,,375.3400,0.0000
1991-05-31,61.5888,18.0354,4.5498,15.9300,-1.5815,5.5482,0.0000,3.1300,1.7959,1.0010,1.4513,1.3012,-0.1292,-1.8395,-1.5201,0.0000,0.0000,0.0000,-0.0016,0.0000,0.7769,,389.8300,0.0000
1991-06-30,57.3688,18.0152,4.2671,19.5500,-2.3080,5.5482,0.0000,3.1300,1.6780,1.0010,0.3638,1.2266,-0.3831,-0.9071,-1.6288,0.0000,0.0000,-0.0000,-0.2295,0.0000,0.3185,,371.1600,-0.0479
1991-07-31,60.6576,18.1035,3.8519,15.1800,-2.6270,5.5482,0.0000,3.1300,1.6218,1.0010,1.1710,1.2546,-0.7530,-1.8497,-1.6171,0.0000,0.0000,0.0000,-0.3308,0.0000,0.7758,,387.8100,-0.0052
1991-08-31,62.1080,18.5123,3.4386,14.4600,-2.9666,5.5482,0.0000,3.1300,1.7455,1.0010,1.4664,1.5490,-1.1031,-1.8713,-1.6129,0.0000,0.0000,0.0000,-0.0810,0.0000,1.0479,,395.4300,0.0000
1991-09-30,59.9979,18.3573,2.5535,15.8500,-2.7597,5.5482,0.0000,3.1300,1.8645,1.0010,0.9068,1.3448,-1.8043,-1.4761,-1.4778,0.0000,0.0000,0.0000,0.1524,0.0000,0.9868,,387.8600,-0.0191
1991-10-31,61.1984,18.3492,3.1299,15.4800,-3.1873,5.5482,0.0000,3.1300,1.9630,1.0010,1.1680,1.2839,-1.2342,-1.4829,-1.5135,0.0000,0.0000,0.0000,0.3392,0.0000,0.9262,,392.4500,-0.0075
1991-11-30,58.7510,18.2889,3.0111,20.2600,-3.2271,5.5482,0.0000,3.1300,2.0370,1.0010,0.5416,1.1866,-1.2883,-0.4273,-1.4539,0.0000,0.0000,0.0000,0.4732,0.0000,0.5949,,375.2200,-0.0511
1991-12-31,64.7334,18.4417,2.5641,19.3100,-3.6924,5.5482,0.0000,3.1300,2.1705,1.0010,1.9222,1.2731,-1.5981,-0.6259,-1.5012,0.0000,0.0000,0.0000,0.7196,0.0000,1.1153,,417.0900,0.0000
1992-01-31,64.7810,19.7731,2.9937,17.4000,-3.3284,5.5482,0.0000,3.1300,2.0950,1.0010,1.8162,2.2352,-1.1857,-1.0240,-1.3529,0.0000,0.0000,0.0000,0.5533,0.0000,1.3317,,408.7800,-0.0199
1992-02-29,65.0183,19.5830,2.8359,16.6800,-4.1605,5.5482,0.0000,3.1300,1.8884,1.0010,1.7661,1.9409,-1.2746,-1.1482,-1.4938,0.0000,0.0000,0.0000,0.1364,0.0000,1.2047,,412.7000,-0.0105
1992-03-31,61.7666,19.2836,1.5929,16.1800,-4.5230,5.5482,0.0000,3.1300,1.7064,1.0010,0.9981,1.6211,-2.1545,-1.2184,-1.5144,0.0000,0.0000,0.0000,-0.2219,0.0000,1.0763,,403.6900,-0.0321
1992-04-30,63.1493,19.3012,2.1757,15.5300,-4.5135,5.5482,0.0000,3.1300,1.7286,1.0010,1.2694,1.5621,-1.6060,-1.3145,-1.4516,0.0000,0.0000,0.0000,-0.1730,0.0000,1.0431,,414.9500,-0.0051
1992-05-31,63.1433,19.6623,1.5701,13.8600,-4.1218,5.5482,0.0000,3.1300,1.7375,1.0010,1.2284,1.7424,-1.9557,-1.6041,-1.3118,0.0000,0.0000,-0.0000,-0.1514,0.0000,1.2383,,415.3500,-0.0042
1992-06-30,60.6507,19.3154,0.4662,13.3500,-4.2224,5.5482,0.0000,3.1300,1.7864,1.0010,0.6578,1.4306,-2.5306,-1.6357,-1.2922,0.0000,0.0000,-0.0000,-0.0524,0.0000,1.1482,,408.1400,-0.0215
1992-07-31,62.9453,19.6207,1.2183,13.1700,-4.0018,5.5482,0.0000,3.1300,1.9923,1.0010,1.1441,1.5836,-1.8899,-1.6017,-1.2044,0.0000,0.0000,0.0000,0.3511,0.0000,1.2329,,424.2100,0.0000
1992-08-31,61.7654,19.7221,1.2680,13.5800,-3.7022,5.5482,0.0000,3.1300,2.0671,1.0010,0.8611,1.5877,-1.7659,-1.4620,-1.1054,0.0000,0.0000,0.0000,0.4894,0.0000,1.1407,,414.0300,-0.0240
1992-09-30,61.2683,19.7088,1.5306,14.2800,-3.7570,5.5482,0.0000,3.1300,2.2014,1.0010,0.7361,1.5187,-1.5308,-1.2808,-1.0906,0.0000,0.0000,0.0000,0.7412,0.0000,1.0352,,417.8000,-0.0151
1992-10-31,62.1355,19.3703,1.9684,16.1500,-3.5102,5.5482,0.0000,3.1300,2.2518,1.0010,0.9140,1.2487,-1.2113,-0.8878,-1.0104,0.0000,0.0000,0.0000,0.8237,0.0000,0.8981,,418.6800,-0.0130
1992-11-30,64.2668,19.8337,1.4538,13.0100,-3.3799,5.5482,0.0000,3.1300,2.0860,1.0010,1.3550,1.5101,-1.4907,-1.4671,-0.9600,0.0000,0.0000,0.0000,0.4815,0.0000,1.2208,,431.3500,0.0000
1992-12-31,64.0639,20.4486,1.6143,12.5700,-3.1251,5.5482,0.0000,3.1300,2.0405,1.0010,1.2729,1.8346,-1.3465,-1.5004,-0.8841,0.0000,0.0000,-0.0000,0.3823,0.0000,1.2639,,435.7100,0.0000
1993-01-31,65.1043,20.3234,0.8946,12.4200,-2.6845,5.5482,0.0000,3.1300,2.0660,1.0010,1.4562,1.6817,-1.7269,-1.4787,-0.7690,0.0000,0.0000,0.0000,0.4246,0.0000,1.3828,,438.7800,0.0000
1993-02-28,64.8797,20.5453,0.3724,13.1600,-2.7626,5.5482,0.0000,3.1300,2.1347,1.0010,1.3655,1.7482,-1.9483,-1.2993,-0.7745,0.0000,0.0000,0.0000,0.5508,0.0000,1.4098,1.0957,443.3800,0.0000
1993-03-31,65.9794,20.8552,0.0973,12.5300,-2.9571,5.5482,0.0000,3.1300,2.1704,1.0010,1.5508,1.8556,-2.0055,-1.3787,-0.8068,0.0000,0.0000,0.0000,0.6100,0.0000,1.5156,1.3668,451.6700,0.0000
1993-04-30,64.0271,20.4574,0.3869,12.4200,-2.5736,5.5482,0.0000,3.1300,2.1710,1.0010,1.1061,1.5573,-1.7623,-1.3604,-0.7063,0.0000,0.0000,0.0000,0.5993,0.0000,1.2736,1.2692,440.1900,-0.0254
1993-05-31,66.0889,20.5176,1.2294,13.4700,-2.1160,5.5482,0.0000,3.1300,2.1785,1.0010,1.5001,1.5417,-1.2516,-1.1375,-0.5906,0.0000,0.0000,0.0000,0.6028,0.0000,1.2478,1.2941,450.1900,-0.0033
1993-06-30,65.3314,20.6084,1.3892,11.2600,-1.8571,5.5482,0.0000,3.1300,2.1068,1.0010,1.3054,1.5444,-1.1363,-1.5038,-0.5228,0.0000,0.0000,-0.0000,0.4509,0.0000,1.2262,1.1640,450.5300,-0.0025
1993-07-31,65.3196,20.5646,1.3519,11.7300,-1.7464,5.5482,0.0000,3.1300,2.1281,1.0010,1.2714,1.4740,-1.1329,-1.3787,-0.4907,0.0000,0.0000,0.0000,0.4845,0.0000,1.1865,1.1944,448.1300,-0.0078
1993-08-31,67.7212,20.8122,0.9863,11.8500,-1.4966,5.5482,0.0000,3.1300,1.9173,1.0010,1.7099,1.5666,-1.3055,-1.3228,-0.4260,0.0000,0.0000,0.0000,0.0617,0.0000,1.3283,1.0785,463.5600,0.0000
1993-09-30,66.6645,20.9935,1.0692,12.9900,-2.0242,5.5482,0.0000,3.1300,1.9819,1.0010,1.4514,1.6161,-1.2310,-1.0934,-0.5479,0.0000,0.0000,0.0000,0.1876,0.0000,1.2062,1.1183,458.9300,-0.0100
1993-10-31,68.2400,21.1092,0.7933,11.4600,-1.9210,5.5482,0.0000,3.1300,1.9824,1.0010,1.7099,1.6271,-1.3500,-1.3379,-0.5170,0.0000,0.0000,0.0000,0.1853,0.0000,1.3527,1.2340,467.8300,0.0000
1993-11-30,66.6308,21.0379,1.1557,13.7600,-2.4305,5.5482,0.0000,3.1300,1.9367,1.0010,1.3549,1.5412,-1.1278,-0.9086,-0.6347,0.0000,0.0000,0.0000,0.0923,0.0000,1.0780,1.1043,461.7900,-0.0129
1993-12-31,66.0530,21.1647,1.6149,11.6600,-2.1562,5.5482,0.0000,3.1300,1.9109,1.0010,1.2145,1.5634,-0.8626,-1.2598,-0.5607,0.0000,0.0000,-0.0000,0.0401,0.0000,1.0521,1.1708,466.4500,-0.0029
1994-01-31,68.6672,21.4120,1.5210,10.6300,-1.4672,5.5482,0.0000,3.1300,1.8976,1.0010,1.6746,1.6444,-0.9007,-1.4089,-0.3857,0.0000,0.0000,0.0000,0.0133,0.0000,1.2648,1.0435,481.6100,0.0000
1994-02-28,66.9115,21.2638,1.5191,14.8700,-0.8949,5.5482,0.0000,3.1300,1.7905,1.0010,1.3045,1.5227,-0.8886,-0.6461,-0.2402,0.0000,0.0000,0.0000,-0.1976,0.0000,1.0091,0.8563,467.1400,-0.0300
1994-03-31,62.2192,20.8334,1.8432,20.4500,1.6461,5.5482,0.0000,3.1300,1.6465,1.0010,0.3960,1.2687,-0.7011,0.3496,0.3976,0.0000,0.0000,0.0000,-0.4779,0.0000,0.5835,0.8316,445.7700,-0.0744
1994-04-30,63.5050,20.0553,2.2330,13.7700,2.5028,5.5482,0.0000,3.1300,1.5505,1.0010,0.6385,0.8492,-0.4802,-0.8432,0.6088,0.0000,0.0000,0.0000,-0.6594,0.0000,0.7027,1.2799,450.9100,-0.0637
1994-05-31,63.6436,20.1965,0.9809,13.0300,2.8954,5.5482,0.0000,3.1300,1.4405,1.0010,0.6582,0.9103,-1.1578,-0.9623,0.7010,0.0000,0.0000,0.0000,-0.8660,0.0000,0.8941,0.8625,456.5000,-0.0521
1994-06-30,60.2865,20.2908,1.2352,14.9700,3.1803,5.5482,0.0000,3.1300,1.5464,1.0010,0.0004,0.9461,-1.0007,-0.6053,0.7648,0.0000,0.0000,-0.0000,-0.6443,0.0000,0.6673,0.9998,444.2700,-0.0775
1994-07-31,62.7067,20.0680,1.5474,11.1300,5.5888,5.5482,0.0000,3.1300,1.5055,1.0010,0.4740,0.8184,-0.8166,-1.2770,1.3547,0.0000,0.0000,-0.0000,-0.7152,0.0000,0.9399,0.9571,458.2600,-0.0485
1994-08-31,64.8587,20.5355,1.1200,11.9700,6.3976,5.5482,0.0000,3.1300,1.5035,1.0010,0.8895,1.0485,-1.0388,-1.1065,1.5226,0.0000,0.0000,0.0000,-0.7087,0.0000,1.1729,0.7536,475.4900,-0.0127
1994-09-30,62.5643,20.5765,1.0579,14.2800,6.7213,5.5482,0.0000,3.1300,1.5210,1.0010,0.4294,1.0536,-1.0568,-0.6825,1.5637,0.0000,0.0000,0.0000,-0.6640,0.0000,0.9966,0.8970,462.7100,-0.0392
1994-10-31,64.2570,20.3958,0.3654,14.5600,8.2465,5.5482,0.0000,3.1300,1.4629,1.0010,0.7595,0.9454,-1.4113,-0.6255,1.8806,0.0000,0.0000,0.0000,-0.7690,0.0000,1.1803,0.9517,472.3500,-0.0192
1994-11-30,61.3199,20.2095,0.5424,15.9500,9.9355,5.5482,0.0000,3.1300,1.3590,1.0010,0.1687,0.8370,-1.2885,-0.3697,2.1978,0.0000,0.0000,0.0000,-0.9629,0.0000,0.9621,0.9184,453.6900,-0.0580
1994-12-31,60.3715,19.9115,0.3586,13.2000,10.5861,5.5482,0.0000,3.1300,1.2895,1.0010,-0.0229,0.6728,-1.3617,-0.8624,2.2506,0.0000,0.0000,0.0000,-1.0866,0.0000,0.9594,1.1614,459.2700,-0.0464
1995-01-31,62.1015,20.2191,0.5207,11.9600,11.7299,5.5482,0.0000,3.1300,1.3048,1.0010,0.3269,0.8262,-1.2504,-1.0736,2.3949,0.0000,0.0000,0.0000,-1.0417,0.0000,1.1397,0.9459,470.4200,-0.0232
1995-02-28,64.4939,20.8026,0.4321,11.7500,13.4396,5.5482,0.0000,3.1300,1.3805,1.0010,0.8078,1.1188,-1.2753,-1.0954,2.6229,0.0000,0.0000,0.0000,-0.8781,0.0000,1.4233,0.8150,487.3900,0.0000
1995-03-31,65.3745,21.1527,0.6042,13.3700,12.7855,5.5482,0.0000,3.1300,1.4965,1.0010,0.9757,1.2812,-1.1633,-0.7905,2.3699,0.0000,0.0000,0.0000,-0.6375,0.0000,1.4137,0.8595,500.7100,0.0000
1995-04-30,67.2363,21.6427,0.9784,11.7500,13.1987,5.5482,0.0000,3.1300,1.5363,1.0010,1.3330,1.5062,-0.9489,-1.0720,2.3468,0.0000,0.0000,0.0000,-0.5506,0.0000,1.5747,1.0965,514.7100,0.0000
1995-05-31,68.9958,22.1954,1.1940,12.8500,13.2031,5.5482,0.0000,3.1300,1.5705,1.0010,1.6507,1.7472,-0.8233,-0.8606,2.2524,0.0000,0.0000,0.0000,-0.4760,0.0000,1.6532,1.1394,533.4000,0.0000
1995-06-30,70.2888,22.7184,2.0635,11.3800,13.5842,5.5482,0.0000,3.1300,1.7323,1.0010,1.8560,1.9532,-0.3495,-1.1139,2.2346,0.0000,0.0000,-0.0000,-0.1505,0.0000,1.7311,1.3867,544.7500,0.0000
1995-07-31,74.1052,23.3764,2.3047,13.4900,12.7958,5.5482,0.0000,3.1300,1.7605,1.0010,2.4906,2.1993,-0.2166,-0.7205,2.0167,0.0000,0.0000,-0.0000,-0.0928,0.0000,1.8394,1.3211,562.0600,0.0000
1995-08-31,73.6754,23.2841,3.1868,11.5200,12.5713,5.5482,0.0000,3.1300,1.7048,1.0010,2.3100,2.0803,0.2655,-1.0678,1.9161,0.0000,0.0000,0.0000,-0.2017,0.0000,1.6730,1.4863,561.8800,-0.0003
1995-09-30,75.0553,23.9460,3.5117,12.7400,12.8234,5.5482,0.0000,3.1300,1.7370,1.0010,2.4521,2.3034,0.4414,-0.8351,1.9048,0.0000,0.0000,0.0000,-0.1356,0.0000,1.6994,1.5416,584.4100,0.0000
1995-10-31,74.9312,23.9268,3.5161,13.8300,11.7203,5.5482,0.0000,3.1300,1.7059,1.0010,2.3316,2.2098,0.4407,-0.6293,1.6671,0.0000,0.0000,-0.0000,-0.1953,0.0000,1.5535,1.4180,581.5000,-0.0050
1995-11-30,77.7252,24.3476,3.8193,11.5800,11.3113,5.5482,0.0000,3.1300,1.7543,1.0010,2.6766,2.3080,0.6047,-1.0314,1.5612,0.0000,0.0000,0.0000,-0.0974,0.0000,1.6924,1.4917,605.3700,0.0000
1995-12-31,77.6893,25.0274,4.2962,12.5200,10.8977,5.5482,0.0000,3.1300,1.7790,1.0010,2.5476,2.4943,0.8624,-0.8492,1.4604,0.0000,0.0000,-0.0000,-0.0474,0.0000,1.6050,1.3961,615.9300,0.0000
1996-01-31,80.6510,24.7625,4.4280,12.5300,9.2359,5.5482,0.0000,3.1300,1.8086,1.0010,2.8583,2.2906,0.9259,-0.8388,1.1547,0.0000,0.0000,-0.0000,0.0117,0.0000,1.5633,1.3720,636.0200,0.0000
1996-02-29,80.7226,25.9761,5.1744,17.0400,7.7995,5.5482,0.0000,3.1300,1.8210,1.0010,2.7240,2.6624,1.3227,-0.0042,0.8954,0.0000,0.0000,0.0000,0.0360,0.0000,1.3521,1.0418,640.4300,0.0000
1996-03-31,80.5970,25.6299,5.7446,18.8800,8.0196,5.5482,0.0000,3.1300,1.7676,1.0010,2.5823,2.4206,1.6067,0.3362,0.9238,0.0000,0.0000,0.0000,-0.0699,0.0000,1.1214,0.9294,645.5000,0.0000
1996-04-30,83.4238,25.4242,5.0337,15.8300,7.5578,5.5482,0.0000,3.1300,1.6848,1.0010,2.8299,2.2570,1.1967,-0.2331,0.8352,0.0000,0.0000,0.0000,-0.2329,0.0000,1.2951,0.8907,654.1700,0.0000
1996-05-31,84.8596,25.8140,4.8910,16.0700,6.9551,5.5482,0.0000,3.1300,1.5609,1.0010,2.8651,2.3173,1.1040,-0.1869,0.7238,0.0000,0.0000,0.0000,-0.4752,0.0000,1.2860,1.0316,669.1200,0.0000
1996-06-30,81.7094,25.9667,4.9607,13.6800,7.5359,5.5482,0.0000,3.1300,1.4880,1.0010,2.3584,2.2896,1.1279,-0.6341,0.8177,0.0000,0.0000,0.0000,-0.6142,0.0000,1.2116,1.1442,670.6300,0.0000
1996-07-31,78.1945,24.8584,4.2780,19.4600,5.9472,5.5482,0.0000,3.1300,1.4877,1.0010,1.8601,1.8415,0.7461,0.4601,0.5354,0.0000,0.0000,0.0000,-0.6080,0.0000,0.8054,0.8017,639.9500,-0.0457
1996-08-31,80.1291,25.4125,4.3523,17.0100,6.7880,5.5482,0.0000,3.1300,1.5400,1.0010,2.0441,1.9838,0.7802,-0.0070,0.6780,0.0000,0.0000,0.0000,-0.4979,0.0000,1.0036,0.8645,651.9900,-0.0278
1996-09-30,82.7197,25.6801,3.8447,16.9500,7.9855,5.5482,0.0000,3.1300,1.5130,1.0010,2.2846,2.0199,0.4964,-0.0184,0.8808,0.0000,0.0000,0.0000,-0.5460,0.0000,1.1807,0.7212,687.3300,0.0000
1996-10-31,84.9368,26.4835,4.4629,18.1100,7.6255,5.5482,0.0000,3.1300,1.5361,1.0010,2.4552,2.2230,0.8317,0.2041,0.8100,0.0000,0.0000,-0.0000,-0.4945,0.0000,1.1615,0.6953,705.2700,0.0000
1996-11-30,89.6005,27.5856,4.5771,17.1400,8.8166,5.5482,0.0000,3.1300,1.5810,1.0010,2.8548,2.4940,0.8867,0.0160,1.0099,0.0000,0.0000,-0.0000,-0.4004,0.0000,1.4129,0.7777,757.0200,0.0000
1996-12-31,86.5326,27.7239,4.7740,20.9200,9.0634,5.5482,0.0000,3.1300,1.5905,1.0010,2.4162,2.4446,0.9859,0.7463,1.0421,0.0000,0.0000,0.0000,-0.3775,0.0000,1.1467,0.6731,740.7400,-0.0215
1997-01-31,92.6335,28.3329,5.4347,19.4700,8.0969,5.5482,0.0000,3.0327,1.5173,1.0010,2.9301,2.5351,1.3338,0.4603,0.8633,0.0000,0.0000,-0.1925,-0.5185,0.0000,1.1861,0.8605,786.1600,0.0000
1997-02-28,91.3584,29.2656,4.9610,21.1000,9.2141,5.5482,0.0000,2.9511,1.5221,1.0010,2.6756,2.7010,1.0598,0.7735,1.0497,0.0000,0.0000,-0.3523,-0.5036,0.0000,1.1770,0.5862,790.8200,0.0000
1997-03-31,85.5665,28.8025,4.7287,22.1400,9.4890,5.5482,0.0000,2.6975,1.4880,1.0010,2.0294,2.4681,0.9225,0.9682,1.0862,0.0000,0.0000,-0.8507,-0.5661,0.0000,0.8284,0.6703,757.1200,-0.0426
1997-04-30,90.3921,27.5852,5.1961,20.0600,9.9807,5.5482,0.0000,2.8932,1.4514,1.0010,2.4252,2.0572,1.1673,0.5558,1.1593,0.0000,0.0000,-0.4547,-0.6330,0.0000,0.9298,0.8525,801.3400,0.0000
1997-05-31,96.0926,29.9284,5.0797,19.1900,10.1754,5.5482,0.0000,2.7276,1.4919,1.0010,2.8445,2.6191,1.0909,0.3821,1.1794,0.0000,0.0000,-0.7781,-0.5464,0.0000,1.1861,0.6523,848.2800,0.0000
1997-06-30,98.0826,31.2566,4.5917,21.5300,9.5879,5.5482,0.0000,2.6171,1.5267,1.0010,2.8886,2.8500,0.8147,0.8385,1.0646,0.0000,0.0000,-0.9892,-0.4722,0.0000,1.1883,0.5760,885.1400,0.0000
1997-07-31,107.0634,32.7666,4.8675,21.4800,9.6049,5.5482,0.0000,2.7218,1.5268,1.0010,3.4598,3.0822,0.9582,0.8218,1.0566,0.0000,0.0000,-0.7723,-0.4673,0.0000,1.4238,0.6796,954.3100,0.0000
1997-08-31,101.8643,32.5863,5.8010,24.7600,10.1112,5.5482,0.0000,2.5414,1.5181,1.0010,2.8764,2.8948,1.4524,1.4512,1.1330,0.0000,0.0000,-1.1222,-0.4801,0.0000,0.9358,0.6104,899.4700,-0.0575
1997-09-30,104.9751,32.6666,5.6758,22.9100,8.7740,5.5482,0.0000,2.5948,1.5043,1.0010,2.9805,2.7891,1.3645,1.0745,0.8904,0.0000,0.0000,-1.0059,-0.5029,0.0000,0.9914,0.8494,947.2800,-0.0074
1997-10-31,103.0291,32.9015,5.6802,35.0900,8.4872,5.5482,0.0000,2.6057,1.5409,1.0010,2.7119,2.7285,1.3486,3.2788,0.8332,0.0000,0.0000,-0.9748,-0.4257,0.0000,0.5483,0.4212,914.6200,-0.0416
1997-11-30,105.4080,32.3366,5.7987,27.4300,8.7241,5.5482,0.0000,2.8579,1.5442,1.0010,2.7734,2.5077,1.3936,1.8029,0.8677,0.0000,0.0000,-0.4659,-0.4151,0.0000,0.8551,0.7211,955.4000,0.0000
1997-12-31,105.4918,33.0308,5.7112,24.0100,9.2638,5.5482,0.0000,2.8882,1.5173,1.0010,2.6720,2.5675,1.3287,1.1549,0.9544,0.0000,0.0000,-0.4016,-0.4646,0.0000,0.9906,0.7568,970.4300,0.0000
1998-01-31,106.7000,32.8600,5.8958,21.4700,9.4576,5.5482,0.0000,3.0250,1.6520,1.0010,2.6544,2.4472,1.4088,0.6792,0.9796,0.0000,0.0000,-0.1268,-0.1934,0.0000,1.1072,0.9757,980.2800,0.0000
1998-02-28,114.1000,34.7097,6.6438,18.5500,9.3678,5.5482,0.0000,2.9242,1.6816,1.0010,3.0208,2.7294,1.7770,0.1357,0.9554,0.0000,0.0000,-0.3254,-0.1330,0.0000,1.2477,0.9441,1049.3400,0.0000
1998-03-31,118.2606,36.2969,6.2094,24.2200,8.2440,5.5482,0.0000,2.8336,1.6718,1.0010,3.1340,2.9221,1.5220,1.1817,0.7517,0.0000,0.0000,-0.5019,-0.1511,0.0000,1.1367,0.6258,1101.7500,0.0000
1998-04-30,119.9425,37.2769,7.0164,21.1800,6.9852,5.5482,0.0000,2.8457,1.6929,1.0010,3.0851,2.9760,1.9085,0.6112,0.5261,0.0000,0.0000,-0.4735,-0.1081,0.0000,1.1094,0.8431,1111.7500,0.0000
1998-05-31,115.8459,36.9566,6.9285,21.3200,8.6030,5.5482,0.0000,2.9925,1.6450,1.0010,2.7236,2.7975,1.8263,0.6334,0.8071,0.0000,0.0000,-0.1784,-0.2020,0.0000,1.0875,0.8790,1090.8199,-0.0188
1998-06-30,119.0995,36.8023,6.6727,19.7100,9.4304,5.5482,0.0000,3.2423,1.6377,1.0010,2.8023,2.6678,1.6655,0.3300,0.9462,0.0000,0.0000,0.3184,-0.2146,0.0000,1.2946,1.1596,1133.8400,0.0000
1998-07-31,117.7304,38.2596,7.0047,24.8000,10.3005,5.5482,0.0000,3.3327,1.6877,1.0010,2.6269,2.8144,1.8016,1.2731,1.0903,0.0000,0.0000,0.4949,-0.1136,0.0000,1.1799,1.0091,1120.6700,-0.0116
1998-08-31,97.2598,35.4234,6.4692,44.2800,9.7168,5.5482,0.0000,3.9581,1.8014,1.0010,1.4500,2.2559,1.5076,4.0000,0.9783,0.0000,0.0000,1.7306,0.1128,0.0000,0.5991,0.9189,957.2800,-0.1557
1998-09-30,101.8477,33.5324,7.2334,40.9500,9.6923,5.5482,0.0000,5.6176,2.2814,1.0010,1.6798,1.8926,1.8573,3.6423,0.9659,0.0000,0.0000,4.0000,1.0636,0.0000,1.1381,1.4769,1017.0100,-0.1030
1998-10-31,110.0697,33.7731,8.2191,28.0500,12.9841,5.5482,0.0000,6.4282,2.6482,1.0010,2.0891,1.8953,2.2870,1.5330,1.5285,0.0000,0.0000,4.0000,1.7819,0.0000,1.6889,1.5507,1098.6700,-0.0310
1998-11-30,116.9577,37.3694,7.8464,26.0100,11.6113,5.5482,0.0000,5.7225,2.5120,1.0010,2.3963,2.4254,2.0570,1.1926,1.2718,0.0000,0.0000,4.0000,1.4968,0.0000,1.9428,1.4997,1163.6300,0.0000
1998-12-31,121.4832,38.8203,8.4505,24.4200,10.0312,5.5482,0.0000,5.5450,2.5814,1.0010,2.5553,2.5771,2.2871,0.9300,0.9853,0.0000,0.0000,4.0000,1.6219,0.0000,1.9745,1.5790,1229.2300,0.0000
1999-01-31,126.7323,40.5770,8.5809,26.2500,9.3244,5.5482,0.0000,5.5416,2.5658,1.0010,2.7297,2.7548,2.2874,1.2114,0.8546,0.0000,0.0000,4.0000,1.5776,0.0000,1.9934,1.4572,1279.6400,0.0000
1999-02-28,121.2870,40.4002,8.2828,27.8800,8.0769,5.5482,0.0000,5.3205,2.3900,1.0010,2.3831,2.6363,2.1000,1.4537,0.6310,0.0000,0.0000,3.5587,1.2160,0.0000,1.6891,1.4323,1238.3300,-0.0323
1999-03-31,123.9807,41.3561,7.9052,23.2600,10.0061,5.5482,0.0000,5.2357,2.3013,1.0010,2.4451,2.6864,1.8901,0.7122,0.9644,0.0000,0.0000,3.2493,1.0302,0.0000,1.8676,1.5704,1286.3700,0.0000
1999-04-30,130.7606,42.7045,8.2451,25.0700,9.1793,5.5482,0.0000,5.0290,2.2929,1.0010,2.6834,2.7816,2.0027,0.9935,0.8127,0.0000,0.0000,2.8065,1.0051,0.0000,1.7572,1.4983,1335.1801,0.0000
1999-05-31,126.9679,42.5567,7.5067,25.3900,6.9703,5.5482,0.0000,4.6995,2.1825,1.0010,2.4317,2.6686,1.6461,1.0360,0.4196,0.0000,0.0000,2.2305,0.7781,0.0000,1.5028,1.2880,1301.8400,-0.0250
1999-06-30,131.8837,42.1807,7.6930,21.0900,6.3274,5.5482,0.0000,4.6723,2.1155,1.0010,2.5790,2.5371,1.7021,0.3473,0.3040,0.0000,0.0000,2.1390,0.6389,0.0000,1.5488,1.4555,1372.7100,0.0000
1999-07-31,128.1580,43.8280,8.0081,24.6400,6.8531,5.5482,0.0000,4.8043,2.1562,1.0010,2.3460,2.6720,1.8101,0.9100,0.3960,0.0000,0.0000,2.2827,0.7147,0.0000,1.4635,1.3248,1328.7200,-0.0320
1999-08-31,126.0532,41.9307,7.2368,24.4500,7.3539,5.5482,0.0000,4.8191,2.2150,1.0010,2.1994,2.3558,1.4540,0.8734,0.4832,0.0000,0.0000,2.2495,0.8258,0.0000,1.4465,1.3419,1320.4100,-0.0381
1999-09-30,121.0857,41.3235,7.1156,25.4100,6.8700,5.5482,0.0000,5.0452,2.2871,1.0010,1.9430,2.2229,1.3851,1.0194,0.3946,0.0000,0.0000,2.5094,0.9626,0.0000,1.3860,1.3792,1282.7100,-0.0656
1999-10-31,129.3233,40.5529,6.4408,22.2000,4.6438,5.5482,0.0000,4.9957,2.2657,1.0010,2.2480,2.0794,1.0827,0.5015,-0.0062,0.0000,0.0000,2.3743,0.9127,0.0000,1.4684,1.4306,1362.9301,-0.0071
1999-11-30,132.7958,43.2083,5.9511,24.1800,6.2307,5.5482,0.0000,5.0838,2.1171,1.0010,2.3370,2.3557,0.8642,0.8152,0.2795,0.0000,0.0000,2.4323,0.6108,0.0000,1.6032,1.1920,1388.9100,0.0000
1999-12-31,138.5368,44.1979,6.1686,24.6400,6.7627,5.5482,0.0000,4.7786,1.9118,1.0010,2.5067,2.4140,0.9518,0.8834,0.3744,0.0000,0.0000,1.9694,0.1987,0.0000,1.5074,1.1924,1469.2500,0.0000
2000-01-31,134.1224,43.7726,5.7262,24.9500,7.4089,5.5482,0.0000,4.7850,1.6715,1.0010,2.2696,2.3049,0.7549,0.9269,0.4897,0.0000,0.0000,1.9422,-0.2799,0.0000,1.4155,1.1135,1394.4600,-0.0509
2000-02-29,136.4938,42.1856,5.5131,23.3700,8.4573,5.5482,0.0000,4.9025,1.7675,1.0010,2.3091,2.0713,0.6585,0.6681,0.6774,0.0000,0.0000,2.0606,-0.0872,0.0000,1.5112,1.3897,1366.4200,-0.0700
2000-03-31,142.3965,43.2207,6.3946,24.1100,8.3607,5.5482,0.0000,5.3687,2.1109,1.0010,2.4766,2.1481,1.0353,0.7831,0.6562,0.0000,0.0000,2.6088,0.5951,0.0000,1.6632,1.5637,1498.5800,0.0000
2000-04-30,135.6820,43.5286,7.4917,26.2000,9.9966,5.5482,0.0000,5.8447,2.4116,1.0010,2.1664,2.1388,1.4959,1.1125,0.9493,0.0000,0.0000,3.1053,1.1877,0.0000,1.6490,1.5722,1452.4301,-0.0308
2000-05-31,130.4068,41.9661,5.6688,23.6500,11.7269,5.5482,0.0000,5.8845,2.4600,1.0010,1.9283,1.9238,0.7003,0.6959,1.2546,0.0000,0.0000,3.0353,1.2752,0.0000,1.8298,1.5759,1420.6000,-0.0520
2000-06-30,132.7010,42.7820,5.8040,19.5400,11.6601,5.5482,0.0000,6.1359,2.3850,1.0010,1.9796,1.9809,0.7548,0.0291,1.2310,0.0000,0.0000,3.2048,1.1170,0.0000,1.9711,1.8680,1454.6000,-0.0293
2000-07-31,130.0336,42.7581,5.3023,20.7400,11.1428,5.5482,0.0000,6.1190,2.2925,1.0010,1.8485,1.9437,0.5336,0.2237,1.1272,0.0000,0.0000,3.0627,0.9253,0.0000,1.8710,1.7041,1430.8300,-0.0452
2000-08-31,139.6685,42.8696,6.1220,16.8400,9.5632,5.5482,0.0000,6.3613,2.4291,1.0010,2.1642,1.9230,0.8862,-0.4117,0.8340,0.0000,0.0000,3.2039,1.1900,0.0000,1.9763,1.8505,1517.6801,0.0000
2000-09-30,131.6815,41.8980,6.4214,20.5700,10.3206,5.5482,0.0000,6.4360,2.5470,1.0010,1.8394,1.7878,1.0098,0.1987,0.9656,0.0000,0.0000,3.1559,1.4156,0.0000,1.7633,1.6160,1436.5100,-0.0535
2000-10-31,128.9140,39.3697,5.5264,23.6300,9.9352,5.5482,0.0000,7.2923,2.5995,1.0010,1.7136,1.4919,0.6154,0.6981,0.8896,0.0000,0.0000,3.8427,1.5100,0.0000,1.8012,1.7601,1429.4000,-0.0582
2000-11-30,115.9296,38.7821,6.0509,29.6500,7.5017,5.5482,0.0000,8.0748,2.5619,1.0010,1.2300,1.4124,0.8402,1.6672,0.4429,0.0000,0.0000,4.0000,1.4247,0.0000,1.3736,1.6644,1314.9500,-0.1336
2000-12-31,116.9312,37.2742,6.1957,26.8500,9.0165,5.5482,0.0000,9.0065,2.7825,1.0010,1.2550,1.2366,0.8980,1.1986,0.7168,0.0000,0.0000,4.0000,1.8529,0.0000,1.4975,1.5995,1320.2800,-0.1301
2001-01-31,120.4080,36.9789,6.4040,22.0200,7.6611,5.5482,0.0000,8.4700,2.7676,1.0010,1.3673,1.1943,0.9827,0.4078,0.4660,0.0000,0.0000,4.0000,1.8106,0.0000,1.5720,1.4775,1366.0100,-0.0999
2001-02-28,109.6338,35.8347,7.4188,28.3500,7.8931,5.5482,0.0000,7.6132,2.7747,1.0010,0.9713,1.0618,1.4135,1.4299,0.5065,0.0000,0.0000,3.1774,1.8124,0.0000,0.9915,1.0614,1239.9399,-0.1830
2001-03-31,102.0714,32.3258,7.6534,28.6400,6.2723,5.5482,0.0000,7.9032,2.9586,1.0010,0.6943,0.6765,1.4993,1.4614,0.2066,0.0000,0.0000,3.2712,2.1653,0.0000,0.7852,1.0141,1160.3300,-0.2355
2001-04-30,109.3746,32.1739,7.7178,25.4800,4.7618,5.5482,0.0000,8.5030,2.9275,1.0010,0.9526,0.6567,1.5102,0.9414,-0.0729,0.0000,0.0000,3.5590,2.0888,0.0000,0.9314,0.9556,1249.4600,-0.1767
2001-05-31,110.8871,34.0746,7.9083,22.6400,2.3512,5.5482,0.0000,7.6950,2.6805,1.0010,1.0007,0.8594,1.5741,0.4774,-0.5186,0.0000,0.0000,2.8643,1.5840,0.0000,0.7654,0.6675,1255.8199,-0.1725
2001-06-30,108.1989,33.0685,8.6126,19.0600,0.6549,5.5482,0.0000,8.0519,2.6905,1.0010,0.8978,0.7454,1.8499,-0.1061,-0.8299,0.0000,0.0000,3.0158,1.5934,0.0000,0.7109,0.6627,1224.3800,-0.1933
2001-07-31,105.4984,32.1630,8.7262,21.6200,-0.4714,5.5482,0.0000,8.2671,2.7338,1.0010,0.7956,0.6432,1.8699,0.3117,-1.0328,0.0000,0.0000,3.0566,1.6689,0.0000,0.5588,0.5034,1211.2300,-0.2019
2001-08-31,99.0585,31.4043,8.7221,24.9200,-1.5633,5.5482,0.0000,8.0530,2.8774,1.0010,0.5594,0.5576,1.8409,0.8485,-1.2261,0.0000,0.0000,2.8223,1.9432,0.0000,0.3299,0.3859,1133.5800,-0.2531
2001-09-30,90.5869,27.6674,10.8398,31.9300,-2.0940,5.5482,0.0000,9.2493,3.3007,1.0010,0.2504,0.1460,2.6586,1.9681,-1.3130,0.0000,0.0000,3.4644,2.7715,0.0000,-0.0226,0.3384,1040.9399,-0.3141
2001-10-31,92.0667,28.5774,9.7723,33.5600,-4.0168,5.5482,0.0000,9.7965,3.3426,1.0010,0.3033,0.2456,2.1767,2.1907,-1.6496,0.0000,0.0000,3.6354,2.8369,0.0000,0.0692,0.0634,1059.7800,-0.3017
2001-11-30,99.5546,30.0051,10.3082,23.8400,-4.8320,5.5482,0.0000,8.8205,3.1667,1.0010,0.5749,0.4021,2.3439,0.6263,-1.7758,0.0000,0.0000,2.9366,2.4690,0.0000,0.1862,0.0643,1139.4500,-0.2492
2001-12-31,100.6668,30.5000,9.8903,23.8000,-6.5898,5.5482,0.0000,8.2945,2.9610,1.0010,0.6130,0.4553,2.1370,0.6171,-2.0622,0.0000,0.0000,2.5557,2.0444,0.0000,0.0729,-0.2174,1148.0800,-0.2435
2002-01-31,99.3471,30.2772,9.6288,21.0900,-7.9242,5.5482,0.0000,8.1476,2.8338,1.0010,0.5621,0.4289,2.0006,0.1794,-2.2587,0.0000,0.0000,2.4144,1.7787,0.0000,0.0553,-0.1083,1130.2000,-0.2553
2002-02-28,97.1735,29.0857,9.0543,21.5900,-7.2352,5.5482,0.0000,8.1021,2.9789,1.0010,0.4802,0.2949,1.7521,0.2594,-2.0985,0.0000,0.0000,2.3384,2.0558,0.0000,0.0855,-0.0577,1106.7300,-0.2708
2002-03-31,99.4303,30.2921,7.9049,17.4000,-7.3543,5.5482,0.0000,7.3410,2.8220,1.0010,0.5612,0.4283,1.2931,-0.4190,-2.0835,0.0000,0.0000,1.8750,1.7310,0.0000,0.2258,0.0066,1147.3900,-0.2440
2002-04-30,95.5036,29.0059,7.1296,21.9100,-8.2856,5.5482,0.0000,7.1591,2.8218,1.0010,0.4143,0.2831,0.9855,0.3137,-2.2047,0.0000,0.0000,1.7489,1.7198,0.0000,0.0431,-0.0679,1076.9200,-0.2904
2002-05-31,93.8450,28.1281,7.7782,19.9800,-8.2187,5.5482,0.0000,7.0241,2.9232,1.0010,0.3516,0.1837,1.2281,-0.0012,-2.1543,0.0000,0.0000,1.6531,1.9106,0.0000,0.0053,0.0129,1067.1400,-0.2969
2002-06-30,85.6013,26.3877,7.5145,25.4000,-8.3582,5.5482,0.0000,7.9370,3.0235,1.0010,0.0447,-0.0127,1.1178,0.8811,-2.1401,0.0000,0.0000,2.1282,2.0982,0.0000,-0.1243,-0.0555,989.8200,-0.3478
2002-07-31,79.1166,23.4631,7.6703,32.0300,-8.2668,5.5482,0.0000,9.3759,3.2445,1.0010,-0.1967,-0.3426,1.1697,1.9380,-2.0893,0.0000,0.0000,2.8439,2.5247,0.0000,-0.2520,-0.0621,911.6200,-0.3993
2002-08-31,79.5389,23.5887,7.4699,32.6400,-7.8591,5.5482,0.0000,9.7941,3.3245,1.0010,-0.1803,-0.3272,1.0848,2.0055,-1.9902,0.0000,0.0000,2.9766,2.6683,0.0000,-0.1706,-0.1449,916.0700,-0.3964
2002-09-30,70.7511,22.3650,5.9645,39.6900,-8.3866,5.5482,0.0000,9.8620,3.5260,1.0010,-0.5083,-0.4648,0.4998,3.0399,-2.0445,0.0000,0.0000,2.9237,3.0526,0.0000,-0.3144,-0.3716,815.2800,-0.4628
2002-10-31,76.2229,21.9562,7.0035,31.1400,-7.3405,5.5482,0.0000,10.6774,3.7965,1.0010,-0.3014,-0.5095,0.8982,1.6805,-1.8479,0.0000,0.0000,3.2274,3.4647,0.0000,0.0123,-0.0211,885.7600,-0.4164
2002-11-30,80.2461,23.3484,6.4247,27.5000,-6.3675,5.5482,0.0000,9.7245,3.5735,1.0010,-0.1491,-0.3491,0.6705,1.1059,-1.6703,0.0000,0.0000,2.6808,2.9426,0.0000,0.1026,-0.2317,936.3100,-0.3831
2002-12-31,75.5684,23.1014,5.8931,28.6200,-5.7252,5.5482,0.0000,8.9629,3.4162,1.0010,-0.3251,-0.3761,0.4620,1.2703,-1.5504,0.0000,0.0000,2.2634,2.5833,0.0000,-0.0385,-0.2793,879.8200,-0.4203
2003-01-31,73.4479,22.8983,6.4329,31.1700,-6.0349,5.5482,0.0000,8.1862,3.2990,1.0010,-0.4041,-0.3981,0.6697,1.6481,-1.5835,0.0000,0.0000,1.8609,2.3200,0.0000,-0.2983,-0.3517,855.7000,-0.4362
2003-02-28,71.9799,21.2141,6.2086,29.6300,-7.6339,5.5482,0.0000,8.4258,3.1542,1.0010,-0.4584,-0.5899,0.5797,1.3977,-1.8165,0.0000,0.0000,1.9483,2.0229,0.0000,-0.3639,-0.3777,841.1500,-0.4458
2003-03-31,72.1600,21.3097,6.3164,29.1500,-7.5073,5.5482,0.0000,8.0438,3.1419,1.0010,-0.4499,-0.5766,0.6194,1.3131,-1.7743,0.0000,0.0000,1.7446,1.9716,0.0000,-0.3947,-0.4649,848.1800,-0.4411
2003-04-30,77.8925,22.4279,7.8216,21.2100,-6.1186,5.5482,0.0000,7.0162,2.8943,1.0010,-0.2301,-0.4457,1.2009,0.0915,-1.5392,0.0000,0.0000,1.2468,1.5104,0.0000,-0.3433,-0.4436,916.9200,-0.3958
2003-05-31,82.5479,23.5911,7.7249,19.4700,-7.1221,5.5482,0.0000,6.6205,2.8090,1.0010,-0.0515,-0.3098,1.1552,-0.1764,-1.6785,0.0000,0.0000,1.0526,1.3461,0.0000,-0.2914,-0.5896,963.5900,-0.3651
2003-06-30,82.5197,24.8322,8.0085,19.5200,-6.6102,5.5482,0.0000,6.3419,2.8562,1.0010,-0.0525,-0.1650,1.2567,-0.1682,-1.5820,0.0000,0.0000,0.9156,1.4182,0.0000,-0.2793,-0.5616,974.5000,-0.3579
2003-07-31,84.5261,24.8673,7.7483,19.4900,-5.8323,5.5482,0.0000,5.8455,2.6409,1.0010,0.0248,-0.1604,1.1474,-0.1723,-1.4477,0.0000,0.0000,0.6772,1.0274,0.0000,-0.2993,-0.5673,990.3100,-0.3475
2003-08-31,86.6156,24.6423,7.9467,18.6300,-6.4197,5.5482,0.0000,5.8386,2.5667,1.0010,0.1053,-0.1862,1.2162,-0.3052,-1.5244,0.0000,0.0000,0.6711,0.8902,0.0000,-0.3099,-0.4740,1008.0100,-0.3358
2003-09-30,83.1273,25.2437,6.8181,22.7200,-7.1020,5.5482,0.0000,5.3538,2.5157,1.0010,-0.0299,-0.1153,0.7730,0.3317,-1.6134,0.0000,0.0000,0.4389,0.7954,0.0000,-0.4097,-0.6000,995.9700,-0.3438
2003-10-31,88.8118,25.6828,6.0763,16.1000,-8.0668,5.5482,0.0000,4.9209,2.4439,1.0010,0.1906,-0.0635,0.4820,-0.7005,-1.7420,0.0000,0.0000,0.2316,0.6642,0.0000,-0.1857,-0.3897,1050.7100,-0.3077
2003-11-30,89.3143,25.9468,5.5017,16.3200,-8.2397,5.5482,0.0000,4.6284,2.3563,1.0010,0.2096,-0.0323,0.2566,-0.6634,-1.7483,0.0000,0.0000,0.0915,0.5054,0.0000,-0.1760,-0.4485,1058.2000,-0.3028
2003-12-31,91.5009,26.6352,4.9586,18.3100,-7.6595,5.5482,0.0000,4.2800,2.3286,1.0010,0.2942,0.0489,0.0437,-0.3502,-1.6427,0.0000,0.0000,-0.0755,0.4542,0.0000,-0.1545,-0.4091,1111.9200,-0.2674
2004-01-31,93.9530,27.6585,4.5101,16.6300,-7.5337,5.9581,0.0000,3.9350,2.2915,1.0010,0.3890,0.1698,-0.1323,-0.6120,-1.6074,0.8153,0.0000,-0.2407,0.3861,0.0000,-0.1975,-0.3228,1131.1300,-0.2547
2004-02-29,94.5903,27.6509,4.8505,14.5500,-7.2135,3.9732,0.0000,4.2558,2.1811,1.0010,0.4127,0.1684,0.0019,-0.9347,-1.5445,-3.1371,0.0000,-0.0858,0.1863,0.0000,0.5741,-0.3303,1144.9399,-0.2456
2004-03-31,92.6367,26.8865,4.8208,16.7400,-7.7258,3.8600,0.0000,4.4017,2.2878,1.0010,0.3348,0.0771,-0.0098,-0.5875,-1.6056,-3.3451,0.0000,-0.0151,0.3783,0.0000,0.5358,0.4009,1126.2100,-0.2579
2004-04-30,90.7385,26.9006,5.1193,17.1900,-7.0550,3.5687,0.0000,3.9752,2.1114,1.0010,0.2591,0.0786,0.1082,-0.5147,-1.4918,-3.9065,0.0000,-0.2214,0.0582,0.0000,0.5217,0.3816,1107.3000,-0.2704
2004-05-31,91.1780,25.9028,4.8025,15.5000,-6.0758,3.5189,0.0000,4.2495,2.0315,1.0010,0.2757,-0.0409,-0.0176,-0.7786,-1.3355,-3.9845,0.0000,-0.0878,-0.0869,0.0000,0.6242,0.5123,1120.6801,-0.2616
2004-06-30,92.2073,26.4013,4.1213,14.3400,-5.8385,5.3304,0.0000,4.0700,2.0500,1.0010,0.3156,0.0189,-0.2882,-0.9573,-1.2908,-0.3594,0.0000,-0.1748,-0.0530,0.0000,0.0766,0.5498,1140.8400,-0.2483
2004-07-31,88.4332,25.6959,4.0452,15.3200,-4.2139,4.5416,0.0000,4.0033,2.1243,1.0010,0.1651,-0.0659,-0.3177,-0.7986,-1.0434,-1.9268,0.0000,-0.2068,0.0826,0.0000,0.3354,-0.0549,1101.7200,-0.2741
2004-08-31,88.5023,25.1745,3.2374,15.2900,-2.5005,4.6987,0.0000,4.0814,2.1818,1.0010,0.1674,-0.1286,-0.6387,-0.7998,-0.7854,-1.6040,0.0000,-0.1681,0.1875,0.0000,0.4050,0.2804,1104.2400,-0.2724
2004-09-30,88.4515,25.6684,4.8567,13.3400,-0.8177,4.4048,0.0000,3.8729,2.1429,1.0010,0.1649,-0.0686,0.0106,-1.1027,-0.5332,-2.1801,0.0000,-0.2698,0.1156,0.0000,0.4478,0.3342,1114.5800,-0.2656
2004-10-31,90.3344,25.4117,5.1999,16.2700,1.2408,5.8966,0.0000,3.7319,2.1076,1.0010,0.2397,-0.0995,0.1482,-0.6357,-0.2258,0.7993,0.0000,-0.3382,0.0505,0.0000,-0.1502,0.2272,1130.2000,-0.2553
2004-11-30,94.1805,26.4653,5.1143,13.2400,1.7245,7.0006,0.0000,3.2933,2.0105,1.0010,0.3930,0.0288,0.1134,-1.1104,-0.1531,2.9915,0.0000,-0.5529,-0.1286,0.0000,-0.4382,-0.2914,1173.8199,-0.2266
2004-12-31,94.9903,27.1448,6.0048,13.2900,3.8830,5.1057,0.0000,3.1032,1.9227,1.0010,0.4243,0.1115,0.4718,-1.0961,0.1698,-0.7942,0.0000,-0.6446,-0.2903,0.0000,0.2243,-0.6682,1211.9200,-0.2015
2005-01-31,93.3416,26.5873,5.0845,12.8200,5.3900,6.8826,0.0000,3.2040,1.7960,1.0010,0.3568,0.0431,0.0989,-1.1635,0.3950,2.7454,0.0000,-0.5926,-0.5239,0.0000,-0.3296,0.0365,1181.2700,-0.2217
2005-02-28,94.4307,26.7449,4.7940,12.0800,6.9783,7.1816,0.0000,3.0579,1.6505,1.0010,0.3996,0.0623,-0.0190,-1.2721,0.6318,3.3262,0.0000,-0.6626,-0.7913,0.0000,-0.3708,-0.4631,1203.6000,-0.2069
2005-03-31,91.0247,26.3391,4.7773,14.0200,9.6650,6.1554,0.0000,2.9750,1.5632,1.0010,0.2608,0.0123,-0.0258,-0.9604,1.0313,1.2673,0.0000,-0.7011,-0.9493,0.0000,-0.0432,-0.5680,1180.5900,-0.2221
2005-04-30,89.1904,25.4089,4.3328,15.3100,11.1538,4.7702,0.0000,3.7619,1.7081,1.0010,0.1858,-0.1022,-0.2067,-0.7532,1.2475,-1.4956,0.0000,-0.3086,-0.6768,0.0000,0.5733,-0.0446,1156.8500,-0.2378
2005-05-31,92.4341,25.6502,3.1168,13.2900,12.7987,5.0644,0.0000,4.2376,1.8619,1.0010,0.3171,-0.0722,-0.7015,-1.0674,1.4829,-0.9025,0.0000,-0.0712,-0.3888,0.0000,0.8036,0.6354,1191.5000,-0.2149
2005-06-30,91.6109,26.0684,3.9983,12.0400,11.9164,3.9129,0.0000,3.9027,1.8600,1.0010,0.2827,-0.0203,-0.3395,-1.2571,1.3409,-3.1894,0.0000,-0.2380,-0.3912,0.0000,1.1079,0.6390,1191.3300,-0.2150
2005-07-31,95.2425,26.2879,4.0944,11.5700,13.0543,5.2128,0.0000,3.4910,1.7750,1.0010,0.4300,0.0070,-0.2992,-1.3222,1.4989,-0.5865,0.0000,-0.4431,-0.5486,0.0000,0.6534,0.9047,1234.1801,-0.1868
2005-08-31,93.8266,26.1044,4.0075,12.6000,12.3992,4.8345,0.0000,3.3739,1.6996,1.0010,0.3709,-0.0158,-0.3340,-1.1528,1.3908,-1.3365,0.0000,-0.5003,-0.6876,0.0000,0.6984,0.3976,1220.3300,-0.1959
2005-09-30,94.6339,25.7301,3.9714,11.9200,13.5953,4.7615,0.0000,3.6362,1.8300,1.0010,0.4029,-0.0624,-0.3479,-1.2520,1.5554,-1.4751,0.0000,-0.3673,-0.4412,0.0000,0.8278,0.6481,1228.8101,-0.1903
2005-10-31,92.6092,24.8765,3.6259,15.3200,13.5014,3.5091,0.0000,3.5848,1.8338,1.0010,0.3187,-0.1690,-0.4892,-0.7139,1.5287,-3.9601,0.0000,-0.3921,-0.4328,0.0000,1.1618,0.6072,1207.0100,-0.2047
2005-11-30,95.0849,25.9318,3.8068,12.0600,13.9383,3.4689,0.0000,3.6181,1.8543,1.0010,0.4196,-0.0363,-0.4131,-1.2203,1.5795,-4.0000,0.0000,-0.3742,-0.3930,0.0000,1.3168,1.1769,1249.4800,-0.1767
2005-12-31,93.3071,26.4438,4.0077,12.0700,14.1144,4.5325,0.0000,3.6519,1.8538,1.0010,0.3451,0.0281,-0.3289,-1.2114,1.5914,-1.8842,0.0000,-0.3561,-0.3928,0.0000,0.9151,1.1453,1248.2900,-0.1775
2006-01-31,97.3198,26.4687,4.6354,12.9500,14.1348,2.6805,0.0000,3.5430,1.8210,1.0010,0.5099,0.0311,-0.0676,-1.0673,1.5807,-4.0000,0.0000,-0.4102,-0.4536,0.0000,1.2420,0.6987,1280.0800,-0.1566
2006-02-28,97.0430,26.2496,5.1173,12.3400,13.5957,4.4718,0.0000,3.3368,1.7011,1.0010,0.4969,0.0034,0.1330,-1.1566,1.4901,-1.9688,0.0000,-0.5135,-0.6789,0.0000,0.7654,1.0137,1280.6600,-0.1562
2006-03-31,96.5776,26.3278,4.9026,11.3900,13.0218,3.2350,0.0000,3.2517,1.6874,1.0010,0.4761,0.0133,0.0431,-1.2974,1.3964,-4.0000,0.0000,-0.5551,-0.7024,0.0000,1.1448,0.6566,1294.8700,-0.1468
2006-04-30,97.7859,26.1473,5.8196,11.5900,13.3740,4.2943,0.0000,3.0616,1.6900,1.0010,0.5249,-0.0096,0.4262,-1.2581,1.4369,-2.2857,0.0000,-0.6499,-0.6949,0.0000,0.7349,1.0040,1310.6100,-0.1364
2006-05-31,94.5281,25.6506,5.3144,16.4400,13.5368,4.1898,0.0000,3.0141,1.6355,1.0010,0.3878,-0.0728,0.2136,-0.4971,1.4496,-2.4517,0.0000,-0.6718,-0.7957,0.0000,0.6210,0.4372,1270.0900,-0.1631
2006-06-30,93.2093,24.7496,5.2828,13.0800,14.7107,4.2408,0.0000,3.2809,1.6732,1.0010,0.3317,-0.1874,0.1997,-1.0192,1.6055,-2.3153,0.0000,-0.5337,-0.7211,0.0000,0.7077,0.6534,1270.2000,-0.1631
2006-07-31,93.2053,24.6968,4.6766,14.9500,13.7664,3.3519,0.0000,3.3725,1.6745,1.0010,0.3307,-0.1937,-0.0558,-0.7233,1.4585,-3.8900,0.0000,-0.4853,-0.7161,0.0000,0.9834,0.5798,1276.6600,-0.1588
2006-08-31,94.7825,25.0514,5.3499,12.3100,15.7298,3.3633,0.0000,3.4183,1.7117,0.9326,0.3959,-0.1478,0.2283,-1.1317,1.7242,-3.7294,0.0000,-0.4605,-0.6427,-0.1361,1.0236,0.8944,1303.8199,-0.1409
2006-09-30,96.1981,25.6442,5.0762,11.9800,13.7043,3.1805,0.0000,3.4250,1.7110,0.8953,0.4542,-0.0714,0.1120,-1.1769,1.4243,-3.9041,0.0000,-0.4557,-0.6420,-0.2098,1.0510,0.8155,1335.8500,-0.1198
2006-10-31,100.0264,26.5380,5.2797,11.1000,14.7506,4.0951,0.0000,3.2523,1.6968,0.9105,0.6137,0.0438,0.1980,-1.3065,1.5608,-2.2610,0.0000,-0.5431,-0.6669,-0.1786,0.8412,0.8381,1377.9399,-0.0921
2006-11-30,102.1344,26.9280,5.9190,10.9100,14.2943,2.5881,0.0000,3.1400,1.6086,0.9260,0.7003,0.0940,0.4688,-1.3276,1.4847,-4.0000,0.0000,-0.5992,-0.8330,-0.1469,1.0979,0.5734,1400.6300,-0.0771
2006-12-31,100.8745,27.2827,6.0047,11.5600,13.2569,2.6292,0.0000,3.0020,1.6540,0.8463,0.6449,0.1396,0.5039,-1.2190,1.3291,-4.0000,0.0000,-0.6683,-0.7431,-0.3049,0.9986,0.8539,1418.3000,-0.0655
2007-01-31,104.2342,27.2075,5.9213,10.4200,13.1434,4.0781,0.0000,2.7535,1.5805,0.8972,0.7843,0.1295,0.4669,-1.3874,1.3048,-2.0193,0.0000,-0.7940,-0.8808,-0.2020,0.6848,0.8838,1438.2400,-0.0523
2007-02-28,101.3893,27.3152,5.6811,15.4200,14.1229,4.5336,0.0000,2.6232,1.5532,0.9259,0.6615,0.1432,0.3632,-0.6069,1.4330,-1.2940,0.0000,-0.8581,-0.9294,-0.1441,0.4381,0.3683,1406.8199,-0.0730
2007-03-31,100.9202,26.2276,6.3766,14.6400,13.6093,4.3336,0.0000,2.8605,1.7032,1.0101,0.6395,0.0013,0.6593,-0.7260,1.3518,-1.5954,0.0000,-0.7325,-0.6386,0.0242,0.4800,0.4572,1420.8600,-0.0638
2007-04-30,105.2296,26.9763,6.2672,14.2200,12.6399,4.1576,0.0000,2.7370,1.6990,0.9591,0.8196,0.0990,0.6104,-0.7887,1.2086,-1.8521,0.0000,-0.7936,-0.6446,-0.0774,0.5590,0.3662,1482.3700,-0.0233
2007-05-31,108.7590,27.5485,6.4872,13.0500,12.7493,2.9834,0.0000,2.5714,1.6391,0.9718,0.9654,0.1736,0.7026,-0.9672,1.2171,-3.5648,0.0000,-0.8761,-0.7575,-0.0517,0.9157,0.3974,1530.6200,0.0000
2007-06-30,105.5761,27.4183,6.1978,16.2300,12.9772,2.4477,0.0000,2.5952,1.5943,0.9693,0.8269,0.1561,0.5763,-0.4690,1.2419,-4.0000,0.0000,-0.8603,-0.8408,-0.0566,0.8977,0.5992,1503.3500,-0.0178
2007-07-31,102.1646,27.4101,6.1518,23.5200,13.6520,2.6544,0.0000,3.3657,1.6481,0.9891,0.6794,0.1547,0.5548,0.6701,1.3282,-3.7535,0.0000,-0.4583,-0.7342,-0.0169,0.7560,0.7288,1455.2700,-0.0492
2007-08-31,103.1109,26.1486,7.1375,23.3800,14.6919,2.5793,0.0000,4.3100,1.9774,1.0864,0.7173,-0.0117,0.9762,0.6462,1.4633,-3.7284,0.0000,0.0336,-0.0969,0.1769,0.8708,0.8742,1473.9900,-0.0370
2007-09-30,105.2385,26.7257,6.5221,18.0000,18.5966,4.6977,0.0000,4.4295,2.0705,1.0167,0.8051,0.0644,0.7081,-0.1978,1.9861,-0.8209,0.0000,0.0958,0.0835,0.0374,0.6932,0.8965,1526.7500,-0.0025
2007-10-31,108.0412,27.3206,6.1919,18.5300,17.3811,3.2552,0.0000,4.1609,1.9513,0.9533,0.9210,0.1429,0.5637,-0.1142,1.8004,-2.7466,0.0000,-0.0447,-0.1479,-0.0890,0.9949,0.4660,1549.3800,0.0000
2007-11-30,102.3592,25.7291,5.8921,22.8700,20.0821,2.6552,0.0000,5.2843,2.2433,1.0052,0.6761,-0.0683,0.4327,0.5683,2.1459,-3.4544,0.0000,0.5430,0.4198,0.0147,1.1992,0.8694,1481.1400,-0.0440
2007-12-31,100.4833,25.9555,5.4663,22.5000,20.5194,2.3764,0.0000,5.6945,2.5480,0.9361,0.5941,-0.0380,0.2474,0.5085,2.1777,-3.6965,0.0000,0.7559,1.0098,-0.1229,1.3681,1.2301,1468.3600,-0.0523
2008-01-31,94.1079,24.0223,6.3177,26.2000,21.1397,3.9890,0.0000,6.7848,2.7967,1.0286,0.3203,-0.2952,0.6156,1.0883,2.2320,-1.6182,0.0000,1.3213,1.4845,0.0617,0.8931,1.3863,1378.5500,-0.1103
2008-02-29,91.4581,23.4953,6.7357,26.5400,19.8197,1.8710,0.0000,7.2425,3.0860,1.0011,0.2061,-0.3647,0.7948,1.1364,2.0314,-4.0000,0.0000,1.5499,2.0246,0.0068,1.2842,0.9577,1330.6300,-0.1412
2008-03-31,90.9584,22.6068,6.4408,25.6100,21.2528,2.7779,0.0000,8.0830,3.3825,1.0069,0.1842,-0.4824,0.6642,0.9852,2.1945,-2.9655,0.0000,1.9687,2.5548,0.0183,1.2968,1.4218,1322.7000,-0.1463
2008-04-30,94.6619,23.3560,6.4865,20.7900,20.5286,-0.3060,0.0000,7.3932,3.2923,0.9586,0.3430,-0.3810,0.6820,0.2233,2.0744,-4.0000,0.0000,1.5975,2.3487,-0.0781,1.5280,1.1728,1385.5900,-0.1057
2008-05-31,97.0854,23.6964,6.6482,17.8300,19.7218,3.0865,0.0000,6.6924,3.0490,0.8881,0.4465,-0.3344,0.7501,-0.2447,1.9480,-2.3189,0.0000,1.2277,1.8707,-0.2180,1.1357,1.2556,1400.3800,-0.0962
2008-06-30,88.2799,22.4168,5.6528,23.9500,18.9339,3.1913,0.0000,6.7310,2.9743,0.9549,0.0655,-0.5054,0.3143,0.7237,1.8278,-2.1766,0.0000,1.2408,1.7155,-0.0841,0.8910,0.7555,1280.0000,-0.1739
2008-07-31,84.9222,20.9072,6.3489,22.9400,18.1770,5.5574,0.0000,7.7541,3.1518,1.0183,-0.0799,-0.7067,0.6173,0.5618,1.7148,0.3989,0.0000,1.7544,2.0253,0.0426,0.4367,1.0585,1267.3800,-0.1820
2008-08-31,87.4686,21.4016,4.8607,20.6500,14.4857,4.2514,0.0000,8.1914,3.2629,0.9382,0.0307,-0.6380,-0.0352,0.1972,1.2304,-1.0214,0.0000,1.9591,2.2038,-0.1172,0.8842,0.5128,1282.8300,-0.1720
2008-09-30,82.5895,20.3627,6.9908,39.3900,13.5187,36.1754,0.0000,9.2295,3.6257,1.0875,-0.1813,-0.7758,0.8974,3.1105,1.1001,4.0000,0.0000,2.4529,2.8180,0.1807,-0.5992,0.4809,1166.3600,-0.2472
2008-10-31,64.3842,16.3874,7.2106,59.8900,15.2514,122.9024,0.0000,14.9426,5.0543,1.2925,-0.9714,-1.3061,0.9899,4.0000,1.3165,4.0000,0.0000,4.0000,4.0000,0.5882,-0.5272,-0.2070,968.7500,-0.3747
2008-11-30,59.7390,15.2597,7.5022,55.2800,12.1580,139.4901,0.0000,17.7626,5.6700,1.0917,-1.1682,-1.4489,1.1128,4.0000,0.9137,4.0000,0.0000,4.0000,4.0000,0.1859,-0.8161,-0.3150,896.2400,-0.4215
2008-12-31,63.6947,15.3761,9.9793,40.0000,7.2335,142.8420,0.0000,20.3095,6.0136,1.0009,-0.9917,-1.4242,2.1747,2.7310,0.2774,4.0000,0.0000,4.0000,4.0000,0.0042,-0.9618,-0.5194,903.2500,-0.4170
2009-01-31,56.5382,15.1747,10.2383,44.8400,6.8537,114.0574,0.0000,16.7535,5.6260,0.9640,-1.2963,-1.4419,2.2583,3.3035,0.2278,4.0000,0.0000,4.0000,4.0000,-0.0694,-1.1884,-1.1863,825.8800,-0.4670
2009-02-28,50.9986,14.1222,9.2641,46.3500,4.9983,114.3725,0.0000,16.5168,5.2147,1.0195,-1.5268,-1.5717,1.8209,3.4113,-0.0126,4.0000,0.0000,4.0000,4.0000,0.0415,-1.2288,-1.1931,735.0900,-0.5256
2009-03-31,56.9307,13.3237,8.7810,44.1400,2.0053,131.7267,0.0000,17.8377,5.6000,1.0246,-1.2625,-1.6654,1.6012,3.0565,-0.4003,4.0000,0.0000,4.0000,4.0000,0.0515,-1.1496,-1.1622,797.8700,-0.4850
2009-04-30,61.6335,14.9819,9.0363,36.5000,0.0077,132.7035,0.0000,15.5967,5.4605,0.9765,-1.0541,-1.4353,1.6970,2.0581,-0.6583,4.0000,0.0000,3.7442,4.0000,-0.0445,-1.0167,-1.2168,872.8100,-0.4367
2009-05-31,65.3432,15.9964,9.2968,28.9200,-1.7876,130.0875,0.0000,12.5640,4.7705,0.9763,-0.8900,-1.2933,1.7926,1.0915,-0.8888,4.0000,0.0000,2.6528,3.1987,-0.0448,-1.1686,-1.4217,919.1400,-0.4068
2009-06-30,65.9158,16.3842,8.7263,26.3500,-4.5714,126.9006,0.0000,10.8059,3.7732,0.9415,-0.8621,-1.2355,1.5394,0.7632,-1.2450,4.0000,0.0000,2.0321,1.9463,-0.1138,-1.3922,-1.6772,919.3200,-0.4067
2009-07-31,71.3648,16.6946,8.5793,25.9200,-8.5306,117.7762,0.0000,10.2586,3.5255,0.8983,-0.6240,-1.1884,1.4676,0.7064,-1.7458,4.0000,0.0000,1.8305,1.6295,-0.1995,-1.4863,-1.6616,987.4800,-0.3627
2009-08-31,73.0380,18.0941,8.1619,26.0100,-10.2928,128.0157,0.0000,8.9714,2.9890,0.9040,-0.5499,-0.9990,1.2843,0.7157,-1.9548,4.0000,0.0000,1.3885,0.9685,-0.1872,-1.5819,-1.8543,1020.6200,-0.3413
2009-09-30,75.0456,18.8319,6.2304,25.6100,-15.1284,42.3561,0.0000,8.4214,2.9110,0.9158,-0.4614,-0.8979,0.4676,0.6629,-2.5390,1.2416,0.0000,1.1976,0.8697,-0.1630,-0.9984,-1.8053,1057.0800,-0.3177
2009-10-31,74.0315,19.3580,6.4055,30.6900,-17.8137,9.7736,0.0000,7.7705,2.9068,0.9418,-0.5043,-0.8254,0.5403,1.3026,-2.8286,-0.0427,0.0000,0.9750,0.8616,-0.1106,-0.9740,-1.3255,1036.1899,-0.3312
2009-11-30,77.5481,19.8128,5.1921,24.5100,-18.3493,4.7596,0.0000,7.5615,2.9170,0.9255,-0.3501,-0.7626,0.0264,0.5155,-2.8428,-0.2402,0.0000,0.9016,0.8711,-0.1427,-0.6581,-0.9903,1095.6300,-0.2929
2009-12-31,78.5358,20.3224,3.2207,21.6800,-18.2728,-0.2407,0.0000,6.9364,2.7777,0.8756,-0.3063,-0.6930,-0.8075,0.1549,-2.7836,-0.4371,0.0000,0.6894,0.6981,-0.2415,-0.4177,-0.8565,1115.1000,-0.2803
2010-01-31,76.4692,20.5279,2.2121,24.6200,-20.0871,16.5952,0.0000,6.2158,2.5147,0.9024,-0.3958,-0.6638,-1.2296,0.5286,-2.9469,0.2298,0.0000,0.4459,0.3742,-0.1872,-0.6299,-0.6967,1073.8700,-0.3069
2010-02-28,78.6678,19.9205,2.6381,19.5000,-20.1251,19.3105,0.0000,6.7174,2.6505,0.9473,-0.2988,-0.7423,-1.0446,-0.1253,-2.8962,0.3369,0.0000,0.6132,0.5399,-0.0970,-0.4950,-0.5436,1104.4900,-0.2871
2010-03-31,82.2976,21.0046,1.7668,17.5900,-19.4361,10.9774,0.0000,6.1217,2.5474,0.8755,-0.1390,-0.5963,-1.4058,-0.3690,-2.7663,0.0054,0.0000,0.4113,0.4119,-0.2396,-0.2925,-0.6471,1169.4301,-0.2452
2010-04-30,85.3431,21.8048,1.9955,22.0500,-19.0701,12.7623,0.0000,5.5938,2.4062,0.8741,-0.0049,-0.4885,-1.3021,0.2025,-2.6795,0.0764,0.0000,0.2324,0.2371,-0.2414,-0.3977,-0.5969,1186.6899,-0.2341
2010-05-31,77.3667,20.4801,1.8480,32.0700,-18.4277,12.2073,0.0000,6.4770,2.6310,1.0179,-0.3560,-0.6635,-1.3569,1.4805,-2.5665,0.0541,0.0000,0.5301,0.5138,0.0460,-0.5533,-0.6395,1089.4100,-0.2969
2010-06-30,71.8191,19.7420,2.2596,34.5400,-16.3999,16.2156,0.0000,7.0168,3.0264,0.9546,-0.5995,-0.7598,-1.1777,1.7825,-2.3062,0.2141,0.0000,0.7111,0.9995,-0.0804,-0.6483,-0.5075,1030.7100,-0.3348
2010-07-31,77.4859,19.6687,2.0335,23.5000,-14.1423,16.2331,0.0000,6.7710,2.9995,0.8820,-0.3481,-0.7673,-1.2666,0.3727,-2.0303,0.2143,0.0000,0.6260,0.9627,-0.2246,-0.3298,-0.4234,1101.6000,-0.2890
2010-08-31,73.4166,19.7703,2.8053,26.0500,-12.5945,10.8975,0.0000,6.7559,2.9641,0.8725,-0.5271,-0.7514,-0.9382,0.6967,-1.8405,0.0000,0.0000,0.6192,0.9155,-0.2427,-0.4355,-0.5314,1049.3300,-0.3227
2010-09-30,79.1432,20.3814,3.1191,23.7000,-10.3998,7.3643,0.0000,6.4119,3.0105,0.8806,-0.2724,-0.6676,-0.8034,0.3951,-1.5840,-0.1419,0.0000,0.5010,0.9694,-0.2257,-0.2636,-0.4518,1141.2000,-0.2634
2010-10-31,82.7945,21.2401,3.3132,21.2000,-8.8635,6.1926,0.0000,6.0119,3.1771,0.8673,-0.1099,-0.5511,-0.7195,0.0746,-1.4045,-0.1888,0.0000,0.3639,1.1705,-0.2513,-0.1233,-0.4224,1183.2600,-0.2363
2010-11-30,83.0805,21.7007,3.2956,23.5400,-7.7988,6.3291,0.0000,5.8700,3.1648,0.9013,-0.0969,-0.4881,-0.7248,0.3742,-1.2794,-0.1829,0.0000,0.3148,1.1501,-0.1826,-0.1244,-0.3657,1180.5500,-0.2381
2010-12-31,86.6727,22.3964,4.1174,17.7500,-5.0936,8.3481,0.0000,5.5595,2.8055,0.8455,0.0633,-0.3936,-0.3769,-0.3697,-0.9748,-0.1010,0.0000,0.2082,0.7035,-0.2931,-0.0623,-0.2469,1257.6400,-0.1883
2011-01-31,89.0091,22.9783,4.2790,19.5300,-3.2142,8.7517,0.0000,5.1245,2.6940,0.8783,0.1674,-0.3146,-0.3079,-0.1401,-0.7634,-0.0845,0.0000,0.0591,0.5641,-0.2266,-0.0596,-0.3109,1286.1200,-0.1699
2011-02-28,92.3618,23.4898,4.4937,18.3500,-1.5204,10.8084,0.0000,4.6647,2.5716,0.9078,0.3169,-0.2450,-0.2166,-0.2918,-0.5733,-0.0009,0.0000,-0.0985,0.4114,-0.1670,-0.0110,-0.2371,1327.2200,-0.1434
2011-03-31,91.3529,22.8993,5.0370,17.7400,-0.1902,13.6694,0.0000,4.8365,2.6204,0.9439,0.2711,-0.3242,0.0140,-0.3699,-0.4240,0.1153,0.0000,-0.0393,0.4710,-0.0944,-0.0407,-0.1315,1325.8300,-0.1443
2011-04-30,94.5934,23.1439,5.8108,14.7500,1.0687,15.4695,0.0000,4.6575,2.5680,0.8492,0.4159,-0.2905,0.3424,-0.7549,-0.2829,0.1883,0.0000,-0.1008,0.4049,-0.2828,-0.0504,-0.1082,1363.6100,-0.1199
2011-05-31,93.1217,23.0595,5.0577,15.4500,2.8378,18.8923,0.0000,4.8390,2.6129,0.8927,0.3489,-0.3013,0.0216,-0.6624,-0.0848,0.3275,0.0000,-0.0381,0.4597,-0.1951,0.0392,-0.1357,1345.2000,-0.1318
2011-06-30,89.9229,22.1008,6.5939,16.5200,4.2835,22.9272,0.0000,5.4900,2.7491,0.9376,0.2042,-0.4307,0.6754,-0.5223,0.0771,0.4914,0.0000,0.1866,0.6281,-0.1048,-0.1174,0.0311,1320.6400,-0.1476
2011-07-31,88.4208,22.6110,7.9087,25.2500,5.1165,23.1488,0.0000,5.4320,2.7565,0.9450,0.1361,-0.3605,1.2314,0.6104,0.1703,0.4994,0.0000,0.1662,0.6357,-0.0898,-0.4116,-0.3004,1292.2800,-0.1659
2011-08-31,82.4411,20.0499,9.8724,31.6200,7.0506,23.9745,0.0000,6.9904,3.0587,1.0849,-0.1342,-0.7077,2.0496,1.4309,0.3871,0.5320,0.0000,0.7050,1.0098,0.1893,-0.6436,-0.3655,1218.8900,-0.2133
2011-09-30,75.5585,19.6981,9.7735,42.9600,7.1855,24.0237,0.0000,7.6914,3.2952,1.0138,-0.4453,-0.7535,1.9893,2.8539,0.4014,0.5328,0.0000,0.9452,1.2991,0.0469,-0.9045,-0.7401,1131.4200,-0.2698
2011-10-31,84.4415,20.1558,9.4034,29.9600,8.0222,23.9738,0.0000,7.9086,3.2243,0.9751,-0.0419,-0.6891,1.8186,1.1834,0.4947,0.5295,0.0000,1.0168,1.2051,-0.0304,-0.4570,-0.5269,1253.3000,-0.1911
2011-11-30,83.8757,20.3452,9.4227,27.8000,8.9346,19.9118,0.0000,7.5862,3.1252,0.9582,-0.0675,-0.6615,1.8124,0.9040,0.5963,0.3614,0.0000,0.9019,1.0772,-0.0639,-0.4048,-0.6577,1246.9600,-0.1952
2011-12-31,82.9687,20.5236,9.3906,23.4000,9.6577,20.8845,0.0000,7.5305,3.2724,0.8771,-0.1086,-0.6355,1.7853,0.3399,0.6763,0.4007,0.0000,0.8797,1.2549,-0.2252,-0.3222,-0.4351,1257.6000,-0.1883
2012-01-31,87.3879,21.2130,10.0213,19.4400,10.5665,19.4808,0.0000,6.8280,3.2620,0.8619,0.0929,-0.5398,2.0290,-0.1676,0.7770,0.3420,0.0000,0.6339,1.2362,-0.2547,-0.2448,-0.3894,1312.4100,-0.1529
2012-02-29,90.6447,21.7974,9.6465,18.4300,11.9253,14.9542,0.0000,6.2465,3.1745,0.8475,0.2414,-0.4586,1.8586,-0.2968,0.9279,0.1544,0.0000,0.4306,1.1227,-0.2825,-0.1208,-0.4579,1365.6801,-0.1186
2012-03-31,92.3611,22.0539,9.6985,15.5000,12.1047,9.7469,0.0000,5.9618,3.0605,0.7977,0.3194,-0.4225,1.8649,-0.6721,0.9450,-0.0614,0.0000,0.3307,0.9774,-0.3808,-0.0461,-0.2916,1408.4700,-0.0909
2012-04-30,91.5526,21.7792,9.1763,17.1500,12.5914,6.5246,0.0000,6.1335,3.1415,0.8712,0.2818,-0.4593,1.6396,-0.4586,0.9966,-0.1949,0.0000,0.3898,1.0741,-0.2329,0.0402,-0.1612,1397.9100,-0.0978
2012-05-31,85.4529,20.9415,9.0137,24.0600,11.9126,1.9339,0.0000,6.2991,3.2655,0.9051,0.0014,-0.5733,1.5633,0.4319,0.9166,-0.3851,0.0000,0.4468,1.2228,-0.1645,-0.1336,-0.1322,1310.3300,-0.1543
2012-06-30,87.9022,20.5475,8.3301,17.0800,13.2843,-0.0595,0.0000,6.7871,3.3981,0.8815,0.1140,-0.6261,1.2782,-0.4688,1.0681,-0.4672,0.0000,0.6161,1.3805,-0.2109,0.1841,0.0885,1362.1600,-0.1208
2012-07-31,88.4095,20.9993,6.1591,18.9300,13.2018,-0.5873,0.0000,6.3538,3.3452,0.8719,0.1372,-0.5624,0.3921,-0.2291,1.0548,-0.4882,0.0000,0.4633,1.3086,-0.2293,0.3259,0.0215,1379.3199,-0.1098
2012-08-31,90.6886,21.4104,6.2860,17.4700,12.3263,-1.4395,0.0000,5.9230,3.2291,0.8148,0.2420,-0.5045,0.4430,-0.4174,0.9523,-0.5226,0.0000,0.3115,1.1599,-0.3424,0.3013,0.1752,1406.5800,-0.0922
2012-09-30,92.3433,21.7837,6.8262,15.7300,13.3596,-1.6298,0.0000,5.5853,3.1184,0.8647,0.3180,-0.4519,0.6622,-0.6416,1.0655,-0.5294,0.0000,0.1924,1.0191,-0.2417,0.3277,0.1597,1440.6700,-0.0702
2012-10-31,90.8438,21.5771,7.2353,18.6000,12.6868,0.0391,0.0000,5.4890,2.8490,0.9091,0.2480,-0.4795,0.8273,-0.2683,0.9858,-0.4585,0.0000,0.1582,0.6837,-0.1524,0.1491,0.0991,1412.1600,-0.0886
2012-11-30,90.9531,20.8982,7.1809,15.8700,12.1348,1.3193,0.0000,5.7086,2.8548,0.9076,0.2526,-0.5724,0.8027,-0.6220,0.9202,-0.4040,0.0000,0.2352,0.6891,-0.1548,0.1824,0.1463,1416.1801,-0.0860
2012-12-31,91.0291,21.2383,8.0004,18.0200,13.3270,-0.6423,0.0000,5.3365,2.9085,0.9462,0.2557,-0.5240,1.1340,-0.3413,1.0515,-0.4853,0.0000,0.1036,0.7537,-0.0773,0.1114,0.0752,1426.1899,-0.0795
2013-01-31,96.8086,21.9005,7.4046,14.2800,10.9710,2.8635,0.0000,4.9200,2.8195,0.8578,0.5238,-0.4309,0.8872,-0.8268,0.7823,-0.3372,0.0000,-0.0438,0.6416,-0.2533,0.1819,0.0314,1498.1100,-0.0331
2013-02-28,97.3780,22.0527,6.8404,15.5100,10.6428,5.6355,0.0000,4.9953,2.8626,0.9171,0.5491,-0.4089,0.6544,-0.6646,0.7431,-0.2200,0.0000,-0.0170,0.6934,-0.1342,0.2295,-0.0055,1514.6801,-0.0224
2013-03-31,99.2711,22.4192,7.2261,12.7000,11.0833,11.2614,0.0000,4.8015,2.8970,0.8700,0.6360,-0.3571,0.8103,-1.0280,0.7908,0.0174,0.0000,-0.0857,0.7342,-0.2276,0.2269,0.1360,1569.1899,0.0000
2013-04-30,101.4247,22.5957,7.0379,13.5200,9.9214,15.7711,0.0000,4.7641,2.8318,0.9140,0.7347,-0.3318,0.7311,-0.9180,0.6573,0.2077,0.0000,-0.0989,0.6515,-0.1391,0.2068,0.0929,1597.5699,0.0000
2013-05-31,103.4195,23.4118,7.0300,16.3000,9.1486,19.0834,0.0000,4.3755,2.7977,0.8798,0.8257,-0.2172,0.7260,-0.5535,0.5681,0.3473,0.0000,-0.2369,0.6076,-0.2069,0.1115,-0.0246,1630.7400,0.0000
2013-06-30,101.4171,22.9253,6.7676,16.8600,8.8964,21.4812,0.0000,5.0505,2.8900,0.9427,0.7300,-0.2848,0.6166,-0.4792,0.5382,0.4481,0.0000,0.0040,0.7208,-0.0808,0.1477,0.0573,1606.2800,-0.0150
2013-07-31,107.5619,23.4925,6.7298,13.4500,8.1208,25.2771,0.0000,4.8018,2.7405,0.8845,1.0144,-0.2049,0.5997,-0.9230,0.4489,0.6078,0.0000,-0.0847,0.5330,-0.1966,0.2116,0.0981,1685.7300,0.0000
2013-08-31,103.7057,23.3566,6.5870,17.0100,7.5008,29.5666,0.0000,4.7514,2.6873,0.8972,0.8314,-0.2236,0.5397,-0.4556,0.3774,0.7880,0.0000,-0.1026,0.4655,-0.1706,0.0410,-0.0189,1632.9700,-0.0313
2013-09-30,105.4825,23.4423,6.1578,16.6000,6.6968,33.1458,0.0000,4.6360,2.6560,0.9132,0.9118,-0.2111,0.3619,-0.5083,0.2850,0.9373,0.0000,-0.1438,0.4255,-0.1380,0.0635,0.0148,1681.5500,-0.0025
2013-10-31,110.6367,23.8347,6.5849,13.7500,6.7835,36.1392,0.0000,4.5543,2.6917,0.9350,1.1490,-0.1555,0.5372,-0.8801,0.2944,1.0609,0.0000,-0.1728,0.4694,-0.0941,0.1518,0.0474,1756.5400,0.0000
2013-11-30,113.2457,24.6421,6.0906,13.7000,8.1245,37.6842,0.0000,4.3280,2.6665,0.8735,1.2657,-0.0413,0.3322,-0.8840,0.4472,1.1223,0.0000,-0.2539,0.4368,-0.2164,0.2335,-0.0397,1805.8101,0.0000
2013-12-31,114.3620,24.8619,4.7955,13.7200,6.3676,38.7052,0.0000,4.0871,2.4824,0.9300,1.3119,-0.0102,-0.2039,-0.8788,0.2451,1.1612,0.0000,-0.3401,0.2050,-0.1030,0.3088,0.0768,1848.3600,0.0000
2014-01-31,112.0587,24.8596,6.0654,18.4100,7.0437,36.3424,0.0000,3.9719,2.3348,0.9217,1.1994,-0.0105,0.3223,-0.2615,0.3222,1.0570,0.0000,-0.3809,0.0192,-0.1192,0.0590,0.0674,1782.5900,-0.0356
2014-02-28,116.1157,24.5909,6.5458,14.0000,9.1592,34.6008,0.0000,4.0305,2.3900,0.9363,1.3822,-0.0486,0.5209,-0.8400,0.5646,0.9798,0.0000,-0.3591,0.0887,-0.0897,0.2293,0.1412,1859.4500,0.0000
2014-03-31,115.2236,24.9560,5.4096,13.8800,8.5111,31.9998,0.0000,3.8076,2.3410,0.9187,1.3344,0.0034,0.0481,-0.8534,0.4889,0.8668,0.0000,-0.4389,0.0267,-0.1244,0.3137,0.1050,1872.3400,0.0000
2014-04-30,116.5023,24.7863,6.4993,13.4100,9.5147,29.5085,0.0000,3.7052,2.1990,0.9349,1.3872,-0.0208,0.5011,-0.9126,0.6034,0.7589,0.0000,-0.4751,-0.1526,-0.0919,0.2504,0.2569,1883.9500,0.0000
2014-05-31,118.2915,24.9433,6.6241,11.4000,10.3820,27.6954,0.0000,3.7524,2.2038,0.8761,1.4629,0.0016,0.5521,-1.1731,0.7019,0.6802,0.0000,-0.4571,-0.1463,-0.2088,0.3214,0.1946,1923.5699,0.0000
2014-06-30,118.6685,25.5580,6.1700,11.5700,10.3905,25.5752,0.0000,3.4719,2.2000,0.8676,1.4727,0.0894,0.3617,-1.1463,0.7012,0.5886,0.0000,-0.5578,-0.1509,-0.2249,0.3774,0.2163,1960.2300,0.0000
2014-07-31,116.5036,25.8175,6.6009,16.9500,10.5481,23.3731,0.0000,3.6627,2.1923,0.9071,1.3659,0.1263,0.5408,-0.4368,0.7176,0.4938,0.0000,-0.4874,-0.1604,-0.1455,0.2537,0.2070,1930.6700,-0.0151
2014-08-31,121.3941,25.6176,6.2836,12.0900,11.7264,21.1082,0.0000,3.9781,2.2705,0.8991,1.5831,0.0975,0.4071,-1.0741,0.8517,0.3964,0.0000,-0.3718,-0.0608,-0.1609,0.5170,0.3310,2003.3700,0.0000
2014-09-30,116.4320,25.9184,5.6373,16.3100,12.3312,19.4169,0.0000,4.0705,2.2681,0.8881,1.3479,0.1405,0.1359,-0.5165,0.9191,0.3235,0.0000,-0.3375,-0.0637,-0.1824,0.4642,0.3102,1972.2900,-0.0155
2014-10-31,119.8904,25.1627,5.6455,14.0300,11.7314,16.7393,0.0000,4.5143,2.3826,0.9623,1.4994,0.0317,0.1391,-0.8153,0.8472,0.2086,0.0000,-0.1750,0.0825,-0.0339,0.6143,0.5999,2018.0500,0.0000
2014-11-30,121.8130,26.6068,5.7136,13.3300,12.5050,14.2657,0.0000,4.4411,2.4568,0.8434,1.5789,0.2394,0.1675,-0.9051,0.9341,0.1024,0.0000,-0.2015,0.1771,-0.2708,0.6904,0.4969,2067.5601,0.0000
2014-12-31,120.7178,26.7941,5.9180,19.2000,11.9797,11.7809,0.0000,5.0759,2.5305,0.8886,1.5205,0.2660,0.2532,-0.1293,0.8707,-0.0043,0.0000,0.0312,0.2710,-0.1798,0.6229,0.5371,2058.8999,-0.0042
2015-01-31,116.9434,26.4923,5.8163,20.9700,12.7143,9.7005,0.0000,5.2975,2.5730,0.9430,1.3416,0.2220,0.2099,0.1048,0.9530,-0.0936,0.0000,0.1124,0.3250,-0.0709,0.6137,0.5267,1994.9900,-0.0351
2015-02-28,124.1314,26.9955,6.2997,13.3400,11.4325,7.8547,0.0000,4.7258,2.5316,0.8519,1.6603,0.2943,0.4135,-0.9040,0.8021,-0.1728,0.0000,-0.0977,0.2713,-0.2522,0.7321,0.6809,2104.5000,0.0000
2015-03-31,122.0432,26.7286,5.7895,15.2900,12.4400,6.0003,0.0000,4.6645,2.4964,0.8593,1.5565,0.2552,0.1972,-0.6440,0.9164,-0.2523,0.0000,-0.1201,0.2256,-0.2366,0.7306,0.5285,2067.8899,-0.0174
2015-04-30,121.4903,26.7914,5.6209,14.5500,11.9342,4.0840,0.0000,4.6267,2.5476,0.8425,1.5233,0.2639,0.1256,-0.7404,0.8553,-0.3345,0.0000,-0.1338,0.2912,-0.2693,0.7557,0.7047,2085.5100,-0.0090
2015-05-31,123.2909,26.8061,5.6118,13.8400,12.1529,3.2694,0.0000,4.5060,2.6910,0.8546,1.5960,0.2656,0.1215,-0.8324,0.8783,-0.3691,0.0000,-0.1781,0.4754,-0.2445,0.8187,0.7442,2107.3899,0.0000
2015-06-30,119.9122,26.4959,5.4227,18.2300,11.9501,2.9006,0.0000,4.6600,2.7618,0.8968,1.4360,0.2200,0.0410,-0.2487,0.8524,-0.3844,0.0000,-0.1209,0.5657,-0.1595,0.7239,0.6818,2063.1101,-0.0210
2015-07-31,121.0850,26.3811,5.2480,12.1200,11.0779,1.7892,0.0000,5.1150,2.8773,0.8852,1.4816,0.2029,-0.0333,-1.0583,0.7491,-0.4318,0.0000,0.0476,0.7134,-0.1821,0.9170,0.8981,2103.8401,-0.0017
2015-08-31,113.7615,25.6937,5.6334,28.4300,11.5938,1.3904,0.0000,5.6581,3.0210,0.9643,1.1469,0.1023,0.1309,1.1080,0.8071,-0.4483,0.0000,0.2488,0.8970,-0.0240,0.5195,0.6065,1972.1801,-0.0642
2015-09-30,109.6022,24.4968,5.5242,24.5000,11.0884,0.7607,0.0000,5.8743,3.1681,0.9857,0.9564,-0.0727,0.0841,0.5840,0.7464,-0.4747,0.0000,0.3286,1.0839,0.0189,0.5560,0.7157,1920.0300,-0.0889
2015-10-31,116.8893,25.4914,5.3603,15.0700,11.2745,0.0576,0.0000,6.2109,3.2709,0.8580,1.2799,0.0730,0.0139,-0.6700,0.7662,-0.5044,0.0000,0.4531,1.2123,-0.2358,0.9000,0.8043,2079.3601,-0.0133
2015-11-30,117.7899,26.2259,5.5455,16.1300,10.3678,-0.1971,0.0000,6.1245,3.1940,0.8626,1.3149,0.1805,0.0931,-0.5277,0.6590,-0.5145,0.0000,0.4201,1.1090,-0.2258,0.8617,0.7069,2080.4099,-0.0128
2015-12-31,115.4805,25.9654,5.6289,18.2100,10.0918,-0.2462,0.0000,6.8709,3.2123,0.8904,1.2063,0.1420,0.1287,-0.2498,0.6255,-0.5156,0.0000,0.6970,1.1286,-0.1697,0.8363,0.7440,2043.9399,-0.0301
2016-01-31,107.4385,24.2062,6.2983,20.2000,9.9673,-0.3937,0.0000,7.6032,3.3626,0.9737,0.8424,-0.1168,0.4157,0.0160,0.6096,-0.5210,0.0000,0.9676,1.3174,-0.0032,0.6716,0.8529,1940.2400,-0.0793
2016-02-29,107.6623,24.0026,5.3012,20.5500,9.2745,0.0684,0.0000,8.2075,3.5590,0.9422,0.8502,-0.1466,-0.0134,0.0628,0.5276,-0.4998,0.0000,1.1890,1.5627,-0.0660,0.7965,0.8390,1932.2300,-0.0831
2016-03-31,115.3573,25.3723,6.3865,13.9500,9.6088,0.0232,0.0000,6.9832,3.2445,0.8363,1.1922,0.0556,0.4536,-0.8196,0.5656,-0.5009,0.0000,0.7302,1.1534,-0.2770,0.8002,0.7518,2059.7400,-0.0226
2016-04-30,115.4050,25.9223,7.0078,15.7000,9.9285,0.0708,0.0000,6.6185,2.9740,0.8206,1.1899,0.1367,0.7200,-0.5838,0.6018,-0.4978,0.0000,0.5928,0.8029,-0.3073,0.6544,0.4740,2065.3000,-0.0200
2016-05-31,117.4189,25.6947,6.2620,14.1900,9.7690,-0.0643,0.0000,6.2832,2.8732,0.8320,1.2753,0.1028,0.3972,-0.7845,0.5819,-0.5028,0.0000,0.4665,0.6715,-0.2836,0.7349,0.5084,2096.9500,-0.0050
2016-06-30,115.7448,25.8404,6.5277,15.6300,8.8940,-0.2824,0.0000,6.1041,2.8809,0.9077,1.1957,0.1242,0.5112,-0.5899,0.4783,-0.5114,0.0000,0.3988,0.6800,-0.1320,0.6614,0.6211,2098.8601,-0.0040
2016-07-31,120.3828,26.6940,7.0665,11.8700,8.8517,-0.4678,0.0000,5.6358,2.7174,0.8029,1.3976,0.2506,0.7426,-1.0917,0.4724,-0.5186,0.0000,0.2229,0.4680,-0.3405,0.6736,0.5996,2173.6001,0.0000
2016-08-31,120.5789,26.9489,6.9637,13.4200,7.4316,-0.4017,0.0000,5.3152,2.6886,0.7918,1.4001,0.2881,0.6965,-0.8810,0.3048,-0.5147,0.0000,0.1024,0.4300,-0.3615,0.5912,0.4476,2170.9500,-0.0012
2016-09-30,119.6119,26.7279,7.0771,13.2900,7.9924,-0.7161,0.0000,5.1481,2.6810,0.8330,1.3510,0.2548,0.7440,-0.8961,0.3703,-0.5275,0.0000,0.0395,0.4194,-0.2784,0.5791,0.4951,2168.2700,-0.0025
2016-10-31,116.8065,26.5251,6.6751,17.0600,8.2532,-0.7799,0.0000,4.7367,2.6129,0.8748,1.2211,0.2242,0.5685,-0.3885,0.4004,-0.5293,0.0000,-0.1153,0.3307,-0.1941,0.4734,0.4296,2126.1499,-0.0218
2016-11-30,122.1370,26.8510,7.0778,13.3300,7.0377,-0.7093,0.0000,4.9000,2.5676,0.8929,1.4524,0.2724,0.7416,-0.8883,0.2563,-0.5252,0.0000,-0.0536,0.2715,-0.1576,0.5775,0.5664,2198.8101,0.0000
2016-12-31,122.2982,27.8651,6.6976,14.0400,6.4390,-0.7831,0.0000,4.2857,2.3352,0.7933,1.4528,0.4234,0.5753,-0.7908,0.1852,-0.5275,0.0000,-0.2851,-0.0303,-0.3557,0.5002,0.3113,2238.8301,0.0000
2017-01-31,124.8621,28.0636,5.7573,11.9900,5.6191,-0.6584,0.0000,4.0120,2.2280,0.8000,1.5589,0.4523,0.1659,-1.0636,0.0880,-0.5210,0.0000,-0.3880,-0.1695,-0.3413,0.6195,0.4033,2278.8701,0.0000
2017-02-28,129.3526,28.6551,6.0980,12.9200,4.9670,-0.4698,0.0000,3.8526,2.2221,0.8120,1.7478,0.5400,0.3139,-0.9357,0.0106,-0.5116,0.0000,-0.4475,-0.1769,-0.3162,0.6149,0.4590,2363.6399,0.0000
2017-03-31,127.3570,29.0869,5.7998,12.3700,2.0444,-0.2949,0.0000,3.8983,2.2000,0.8339,1.6503,0.6036,0.1835,-1.0068,-0.3362,-0.5029,0.0000,-0.4295,-0.2055,-0.2717,0.5866,0.5048,2362.7200,-0.0004
2017-04-30,129.2014,28.9042,6.1321,10.8200,1.6510,-0.1011,0.0000,3.9163,2.2721,0.9266,1.7216,0.5750,0.3282,-1.2113,-0.3823,-0.4934,0.0000,-0.4219,-0.1111,-0.0861,0.6403,0.6132,2384.2000,0.0000
2017-05-31,129.9349,29.3133,6.0498,10.4100,0.7897,-0.0332,0.0000,3.7468,2.2459,0.8305,1.7435,0.6352,0.2917,-1.2617,-0.4841,-0.4895,0.0000,-0.4854,-0.1452,-0.2774,0.5988,0.5161,2411.8000,0.0000
2017-06-30,129.5776,29.7485,5.6167,11.1800,0.8476,-0.0702,0.0000,3.7509,2.1832,0.8235,1.7178,0.6992,0.1018,-1.1541,-0.4763,-0.4903,0.0000,-0.4830,-0.2270,-0.2906,0.6252,0.5138,2423.4099,0.0000
2017-07-31,131.7859,30.0022,5.3269,10.2600,1.1533,0.0176,0.0000,3.6905,2.0715,0.8116,1.8031,0.7358,-0.0252,-1.2729,-0.4390,-0.4855,0.0000,-0.5051,-0.3729,-0.3135,0.6876,0.5496,2470.3000,0.0000
2017-08-31,132.2464,29.9150,5.4367,10.5900,1.6009,-0.1244,0.0000,3.8339,2.1009,0.8489,1.8118,0.7210,0.0230,-1.2241,-0.3849,-0.4909,0.0000,-0.4496,-0.3338,-0.2381,0.7117,0.6185,2471.6499,0.0000
2017-09-30,133.3132,30.1681,5.2623,9.5100,1.6808,0.0822,0.0000,3.7220,2.1015,0.7834,1.8463,0.7575,-0.0537,-1.3634,-0.3747,-0.4809,0.0000,-0.4914,-0.3324,-0.3680,0.7341,0.6474,2519.3601,0.0000
2017-10-31,136.2295,30.9204,4.8888,10.1800,0.9984,0.1525,0.0000,3.4923,1.9568,0.8207,1.9588,0.8689,-0.2179,-1.2688,-0.4557,-0.4769,0.0000,-0.5781,-0.5221,-0.2926,0.7770,0.6395,2575.2600,0.0000
2017-11-30,139.6026,31.2989,4.7249,11.2800,0.6688,-0.1735,0.0000,3.6810,1.9162,0.8061,2.0881,0.9235,-0.2898,-1.1178,-0.4944,-0.4906,0.0000,-0.5050,-0.5745,-0.3209,0.8176,0.6449,2647.5801,0.0000
2017-12-31,138.3785,32.0861,4.8350,11.0400,1.4668,-0.0622,0.0000,3.6005,1.8210,0.8066,2.0205,1.0393,-0.2408,-1.1461,-0.3978,-0.4847,0.0000,-0.5349,-0.6987,-0.3189,0.8228,0.6838,2673.6101,0.0000
2018-01-31,146.3749,33.3073,4.3175,13.5400,1.1757,-0.7781,0.0000,3.3495,1.6724,0.8375,2.3403,1.2194,-0.4689,-0.8095,-0.4321,-0.5159,0.0000,-0.6298,-0.8927,-0.2564,0.9265,0.6771,2823.8101,0.0000
2018-02-28,140.4241,32.0354,3.9277,19.8500,1.6170,-1.4495,0.0000,3.5442,1.6500,1.0639,2.0717,1.0244,-0.6402,0.0354,-0.3784,-0.5451,0.0000,-0.5541,-0.9198,0.1958,0.8290,0.6980,2713.8301,-0.0389
2018-03-31,134.3233,31.8084,3.9284,19.9700,3.1835,-1.7321,0.0000,3.6348,1.7976,0.9665,1.8028,0.9874,-0.6386,0.0515,-0.1892,-0.5567,0.0000,-0.5184,-0.7232,0.0010,0.7693,0.8602,2640.8701,-0.0648
2018-04-30,134.8989,30.9702,3.5025,15.9300,4.9399,-2.1757,0.0000,3.4733,1.8000,0.9644,1.8158,0.8587,-0.8256,-0.4902,0.0227,-0.5756,0.0000,-0.5793,-0.7185,-0.0033,0.9010,0.9458,2648.0500,-0.0622
2018-05-31,139.6339,31.2436,3.8017,15.4300,5.3391,-2.9686,0.0000,3.4659,1.8477,0.8988,2.0003,0.8977,-0.6914,-0.5564,0.0709,-0.6101,0.0000,-0.5811,-0.6540,-0.1341,0.9363,0.8882,2705.2700,-0.0420
2018-06-30,137.6448,31.6306,4.0403,16.0900,5.9728,-3.5367,0.0000,3.4395,1.9224,0.8828,1.9046,0.9536,-0.5842,-0.4668,0.1474,-0.6345,0.0000,-0.5901,-0.5541,-0.1655,0.9082,0.8549,2718.3701,-0.0373
2018-07-31,143.0100,31.8864,3.6516,12.8300,5.9485,-4.2014,0.0000,3.5814,1.9024,0.8654,2.1116,0.9894,-0.7554,-0.9037,0.1443,-0.6631,0.0000,-0.5344,-0.5795,-0.1997,1.0913,0.9397,2816.2900,-0.0027
2018-08-31,146.7904,32.3903,3.7545,12.8600,6.1451,-5.2432,0.0000,3.4526,1.8770,0.8350,2.2489,1.0623,-0.7081,-0.8974,0.1679,-0.7087,0.0000,-0.5830,-0.6121,-0.2598,1.1226,0.9374,2901.5200,0.0000
2018-09-30,145.1194,32.6229,3.7180,12.1200,5.5301,-5.8970,0.0000,3.3368,1.8795,0.8477,2.1626,1.0941,-0.7228,-0.9944,0.0930,-0.7367,0.0000,-0.6265,-0.6076,-0.2338,1.1137,1.0274,2913.9800,0.0000
2018-10-31,134.6173,31.0380,3.2614,21.2300,7.0791,-7.0952,0.0000,3.5191,1.9104,0.9952,1.7224,0.8528,-0.9238,0.2333,0.2811,-0.7891,0.0000,-0.5550,-0.5654,0.0610,0.9043,0.9563,2711.7400,-0.0694
2018-11-30,136.7597,30.1956,3.0744,18.0700,8.1940,-7.6921,0.0000,4.0062,2.1010,0.9706,1.7992,0.7240,-1.0043,-0.1929,0.4163,-0.8142,0.0000,-0.3660,-0.3114,0.0118,1.0680,1.1686,2760.1699,-0.0528
2018-12-31,123.0408,28.2919,4.1138,25.4200,9.8608,-8.3855,0.0000,4.7884,2.3011,1.0616,1.2357,0.4356,-0.5402,0.7987,0.6186,-0.8435,0.0000,-0.0628,-0.0447,0.1933,0.7486,1.0727,2506.8501,-0.1397
2019-01-31,133.3638,28.3802,4.2726,16.5700,10.0969,-8.5885,0.0000,4.5867,2.4062,0.9672,1.6476,0.4482,-0.4687,-0.3974,0.6461,-0.8507,0.0000,-0.1409,0.0954,0.0044,1.0077,1.1190,2704.1001,-0.0720
2019-02-28,138.4196,29.5415,3.9093,14.7800,10.0609,-9.5327,0.0000,4.1284,2.2711,0.9139,1.8417,0.6229,-0.6296,-0.6385,0.6405,-0.8913,0.0000,-0.3185,-0.0850,-0.1018,1.1089,0.8697,2784.4900,-0.0444
2019-03-31,138.8599,29.5762,3.9092,13.7100,10.0448,-9.9399,0.0000,4.0086,2.2648,0.8981,1.8482,0.6270,-0.6284,-0.7818,0.6373,-0.9074,0.0000,-0.3645,-0.0933,-0.1331,1.1195,0.9543,2834.3999,-0.0273
2019-04-30,144.2368,30.1335,4.0792,13.1200,7.1463,-10.1675,0.0000,3.7833,2.1710,0.8580,2.0504,0.7100,-0.5514,-0.8597,0.2820,-0.9154,0.0000,-0.4515,-0.2186,-0.2126,1.0729,0.9786,2945.8301,0.0000
2019-05-31,134.3704,29.2420,4.3933,18.7100,6.9515,-11.0011,0.0000,4.0595,2.2332,0.9556,1.6455,0.5737,-0.4102,-0.1015,0.2577,-0.9507,0.0000,-0.3433,-0.1350,-0.0174,0.8460,0.8973,2752.0601,-0.0658
2019-06-30,141.2726,29.2838,4.8457,15.0800,6.8008,-11.1178,0.0000,4.2215,2.3865,0.9380,1.9099,0.5789,-0.2071,-0.5933,0.2389,-0.9535,0.0000,-0.2796,0.0709,-0.0526,0.9793,1.0346,2941.7600,-0.0014
2019-07-31,143.9773,29.9867,5.1549,16.1200,6.5011,-11.1981,0.0000,3.9964,2.2200,0.8715,2.0041,0.6845,-0.0683,-0.4512,0.2017,-0.9547,0.0000,-0.3671,-0.1529,-0.1849,0.8994,0.7986,2980.3799,0.0000
2019-08-31,139.3540,28.7054,4.9960,18.9800,6.8988,-10.8788,0.0000,4.3014,2.2473,0.9754,1.8096,0.4886,-0.1395,-0.0620,0.2503,-0.9378,0.0000,-0.2473,-0.1160,0.0227,0.8275,0.8103,2926.4600,-0.0181
2019-09-30,139.6995,29.2295,5.7494,16.2400,6.7877,-7.9943,0.0000,3.9345,2.2150,0.8748,1.8126,0.5675,0.1992,-0.4346,0.2363,-0.8051,0.0000,-0.3905,-0.1593,-0.1781,0.7272,0.8422,2976.7400,-0.0012
2019-10-31,142.9221,28.8411,6.5793,13.2200,5.0316,-2.8965,0.0000,4.0983,2.2183,0.8800,1.9276,0.5074,0.5720,-0.8446,0.0196,-0.5727,0.0000,-0.3258,-0.1547,-0.1671,0.6559,0.7981,3037.5601,0.0000
2019-11-30,147.0979,29.8369,7.1428,12.6200,4.0212,-1.0811,0.0000,4.0515,2.1280,0.8097,2.0770,0.6581,0.8242,-0.9242,-0.1051,-0.4895,0.0000,-0.3436,-0.2763,-0.3068,0.6057,0.5432,3140.9800,0.0000
2019-12-31,149.8683,30.3318,6.3831,13.7800,1.6712,2.2071,0.0000,3.7219,2.0157,0.8531,2.1687,0.7322,0.4807,-0.7642,-0.3952,-0.3394,0.0000,-0.4724,-0.4277,-0.2196,0.5920,0.4527,3230.7800,0.0000
2020-01-31,148.0462,30.9852,6.8003,18.8400,1.3724,2.7713,0.0000,3.6119,2.0143,0.8849,2.0825,0.8302,0.6679,-0.0731,-0.4315,-0.3133,0.0000,-0.5149,-0.4289,-0.1555,0.4322,0.3648,3225.5200,-0.0016
2020-02-29,135.3676,30.7297,6.6696,40.1100,0.8463,4.6306,0.0000,3.8811,2.1068,1.0107,1.5828,0.7894,0.6077,2.8017,-0.4959,-0.2282,0.0000,-0.4082,-0.3029,0.0958,-0.1085,0.0066,2954.2200,-0.0856
2020-03-31,122.2440,24.8172,13.3528,53.5400,16.0018,32.8308,0.0000,7.8541,3.4182,1.1700,1.0713,-0.1151,3.5635,4.0000,1.3798,1.0559,0.0000,1.1555,1.4725,0.4133,-0.6168,0.3923,2584.5901,-0.2000
2020-04-30,139.4291,25.9274,19.6118,34.1500,28.7724,71.1172,0.0000,8.1381,3.4695,1.0234,1.7277,0.0549,4.0000,1.9182,2.9249,2.7705,0.0000,1.2630,1.5352,0.1198,-0.1863,0.0626,2912.4299,-0.0985
2020-05-31,144.5734,27.3285,22.0482,27.5100,29.3775,84.2768,0.0000,7.3360,3.2800,0.9282,1.9145,0.2695,4.0000,1.0423,2.9600,3.3116,0.0000,0.9447,1.2741,-0.0704,-0.1644,-0.2144,3044.3101,-0.0577
2020-06-30,151.1894,28.8383,22.8368,30.4300,23.7894,85.0703,0.0000,6.0664,2.9132,0.9353,2.1529,0.5006,4.0000,1.4205,2.2629,3.2940,0.0000,0.4437,0.7762,-0.0561,-0.3949,-0.5900,3100.2900,-0.0404
2020-07-31,168.3804,29.5992,22.4073,24.4600,21.0739,83.8805,0.0000,5.6782,2.6895,0.8700,2.7789,0.6165,4.0000,0.6356,1.9229,3.1933,0.0000,0.2902,0.4727,-0.1862,-0.2088,-0.5884,3271.1201,0.0000
2020-08-31,178.8117,31.1582,22.9078,26.4100,18.4399,85.9180,0.0000,5.1238,2.6243,0.7994,3.1294,0.8544,4.0000,0.8896,1.5985,3.2320,0.0000,0.0711,0.3837,-0.3265,-0.2500,-0.6362,3500.3101,0.0000
2020-09-30,158.3935,30.8394,23.0755,26.3700,15.0332,78.8249,0.0000,5.2662,2.6848,0.8577,2.3431,0.8036,4.0000,0.8823,1.1857,2.8912,0.0000,0.1273,0.4650,-0.2093,-0.4510,-0.4142,3363.0000,-0.0392
2020-10-31,156.5119,31.2837,23.5355,38.0200,13.3168,77.7766,0.0000,5.0400,2.6532,0.9473,2.2547,0.8700,4.0000,2.3924,0.9772,2.8131,0.0000,0.0376,0.4215,-0.0301,-0.7168,-0.5306,3269.9600,-0.0658
2020-11-30,174.8343,32.4732,24.1624,20.5700,10.8380,78.0583,0.0000,4.5350,2.4265,0.9212,2.8980,1.0504,4.0000,0.1127,0.6784,2.7923,0.0000,-0.1624,0.1132,-0.0821,-0.2637,-0.4348,3621.6299,0.0000
2020-12-31,176.8645,33.7656,24.6990,22.7500,9.8866,76.4258,0.0000,4.0445,2.2305,0.8794,2.9351,1.2453,4.0000,0.3973,0.5632,2.6946,0.0000,-0.3565,-0.1534,-0.1652,-0.3419,-0.6638,3756.0701,0.0000
2021-01-31,176.0041,34.5124,25.8721,33.0900,8.6183,78.3619,0.0000,3.7800,2.1626,0.8994,2.8687,1.3552,4.0000,1.7420,0.4101,2.7438,0.0000,-0.4610,-0.2455,-0.1250,-0.6136,-0.7075,3714.2400,-0.0111
2021-02-28,187.2393,35.1039,27.2560,27.9500,10.5630,82.5144,0.0000,3.5268,2.1632,0.8295,3.2246,1.4404,4.0000,1.0678,0.6429,2.8789,0.0000,-0.5607,-0.2445,-0.2640,-0.4130,-0.6276,3811.1499,0.0000
2021-03-31,182.7512,35.0425,20.8795,19.4000,-8.2027,32.3040,0.0000,3.5474,2.1317,0.8602,3.0244,1.4254,3.9070,-0.0485,-1.6095,0.8358,0.0000,-0.5516,-0.2870,-0.2021,-0.3360,-0.3793,3972.8899,0.0000
2021-04-30,194.8487,36.7198,16.1580,18.6100,-15.1265,16.9027,0.0000,3.2681,1.9724,0.8204,3.3939,1.6743,2.6474,-0.1516,-2.4199,0.2091,0.0000,-0.6617,-0.5042,-0.2809,0.0227,-0.3251,4181.1699,0.0000
2021-05-31,193.5930,36.5521,13.0527,16.7600,-15.7254,11.3596,0.0000,3.3335,1.9990,0.8594,3.2986,1.6408,1.8333,-0.3932,-2.4685,-0.0166,0.0000,-0.6345,-0.4670,-0.2025,0.2706,-0.0605,4204.1099,0.0000
2021-06-30,191.4355,36.6963,11.8899,15.8300,-14.6219,15.2589,0.0000,3.1745,1.9259,0.8270,3.1784,1.6548,1.5267,-0.5143,-2.3184,0.1422,0.0000,-0.6966,-0.5662,-0.2666,0.2939,0.2317,4297.5000,0.0000
2021-07-31,194.4043,37.4434,13.2657,18.2400,-13.8047,18.3111,0.0000,3.1729,1.9262,0.8167,3.2305,1.7593,1.8702,-0.1979,-2.2052,0.2664,0.0000,-0.6959,-0.5649,-0.2864,0.2027,0.2884,4395.2598,0.0000
2021-08-31,199.8639,37.9735,13.0436,16.4800,-13.6597,19.2024,0.0000,3.3214,1.9564,0.8115,3.3590,1.8295,1.8033,-0.4284,-2.1722,0.3024,0.0000,-0.6354,-0.5226,-0.2960,0.3257,0.2211,4522.6802,0.0000
2021-09-30,188.3455,37.6203,12.6610,23.1400,-11.3723,19.7254,0.0000,3.1167,1.8552,0.8804,2.9421,1.7667,1.6969,0.4466,-1.8938,0.3234,0.0000,-0.7159,-0.6604,-0.1578,0.1252,0.1107,4307.5400,-0.0476
2021-10-31,200.4541,37.2530,12.7919,16.2600,-9.8755,19.7287,0.0000,3.1490,1.7738,0.8398,3.2872,1.7027,1.7216,-0.4582,-1.7110,0.3231,0.0000,-0.7016,-0.7708,-0.2385,0.3544,0.3697,4605.3799,0.0000
2021-11-30,195.0743,38.5826,12.2242,27.1900,-7.4230,20.3048,0.0000,3.2200,1.7205,0.8329,3.0721,1.8919,1.5700,0.9793,-1.4207,0.3462,0.0000,-0.6720,-0.8423,-0.2516,0.1963,0.0652,4567.0000,-0.0083
2021-12-31,194.8074,38.3048,12.7340,17.2200,-3.6056,18.9331,0.0000,3.2695,1.8345,0.8495,3.0240,1.8400,1.6913,-0.3338,-0.9756,0.2895,0.0000,-0.6510,-0.6841,-0.2179,0.4848,0.4715,4766.1802,0.0000
2022-01-31,184.2902,36.9368,11.0510,24.8300,-2.7929,19.6566,0.0000,3.2315,1.8210,0.8912,2.6643,1.6276,1.2603,0.6687,-0.8794,0.3188,0.0000,-0.6650,-0.7014,-0.1341,0.2900,0.3136,4515.5498,-0.0526
2022-02-28,178.4813,35.2871,10.3898,30.1500,-3.6497,17.6284,0.0000,3.6389,2.0337,0.9360,2.4602,1.3762,1.0897,1.3659,-0.9764,0.2350,0.0000,-0.5007,-0.4077,-0.0444,0.1737,0.4365,4373.9399,-0.0823
2022-03-31,179.2775,34.2708,8.7208,20.5600,-1.1001,16.2330,0.0000,3.7887,2.1661,0.9210,2.4628,1.2207,0.6655,0.1015,-0.6793,0.1773,0.0000,-0.4399,-0.2247,-0.0743,0.5320,0.5848,4530.4102,-0.0495
2022-04-30,163.7275,33.8892,7.3204,33.4000,0.8130,14.8855,0.0000,3.6365,1.9115,0.8897,1.9697,1.1604,0.3099,1.7870,-0.4565,0.1215,0.0000,-0.5003,-0.5754,-0.1364,0.1757,0.2925,4131.9302,-0.1331
2022-05-31,162.6012,30.6732,6.1991,26.1900,3.2108,12.7884,0.0000,4.5019,2.2186,0.9473,1.9236,0.6798,0.0252,0.8361,-0.1776,0.0349,0.0000,-0.1518,-0.1507,-0.0212,0.4714,0.6540,4132.1499,-0.1330
2022-06-30,145.3580,29.0477,5.8760,28.7100,9.2219,10.3361,0.0000,4.8567,2.1243,0.9485,1.3889,0.4367,-0.0569,1.1645,0.5210,-0.0665,0.0000,-0.0088,-0.2808,-0.0187,0.3999,0.5683,3785.3799,-0.2058
2022-07-31,159.3100,29.0046,4.8314,21.3300,10.4385,8.1315,0.0000,5.2930,2.3175,0.9168,1.8073,0.4296,-0.3223,0.1928,0.6615,-0.1576,0.0000,0.1671,-0.0131,-0.0821,0.8298,0.9206,4130.2900,-0.1334
2022-08-31,153.0931,30.6988,3.2671,25.8700,12.3463,5.7122,0.0000,4.5265,2.2548,0.8942,1.6099,0.6816,-0.7196,0.7895,0.8819,-0.2575,0.0000,-0.1424,-0.0999,-0.1269,0.8128,0.5545,3955.0000,-0.1702
2022-09-30,135.7043,28.2299,2.4626,31.6200,13.9391,4.1144,0.0000,4.9814,2.1748,0.9678,1.0762,0.3120,-0.9226,1.5412,1.0647,-0.3234,0.0000,0.0416,-0.2108,0.0202,0.5983,0.6905,3585.6201,-0.2477
2022-10-31,146.0287,27.0808,0.7644,25.8800,14.4609,1.9507,0.0000,4.9981,2.2719,0.9812,1.3863,0.1397,-1.3509,0.7841,1.1224,-0.4127,0.0000,0.0482,-0.0756,0.0470,0.9070,0.8696,3871.9800,-0.1876
2022-11-30,153.5108,28.3789,-0.2029,20.5800,13.9153,-0.7610,0.0000,4.6848,2.1833,0.9125,1.6073,0.3339,-1.5904,0.0861,1.0561,-0.5247,0.0000,-0.0787,-0.1987,-0.0903,1.1248,0.9549,4080.1101,-0.1439
2022-12-31,143.5721,28.3169,-1.6426,21.6700,12.3556,-2.3556,0.0000,4.5724,1.9776,0.8918,1.3005,0.3241,-1.9449,0.2295,0.8725,-0.5901,0.0000,-0.1242,-0.4848,-0.1314,1.0207,0.9246,3839.5000,-0.1944
2023-01-31,152.1851,28.3348,-2.0121,19.4000,13.4616,-4.4008,0.0000,4.3515,1.9705,0.9132,1.5558,0.3264,-2.0258,-0.0701,0.9989,-0.6741,0.0000,-0.2137,-0.4940,-0.0883,1.1878,1.0299,4076.6001,-0.1447
2023-02-28,148.2952,28.9198,-2.6487,20.7000,12.0374,-6.1148,0.0000,4.1911,1.8474,0.9260,1.4324,0.4138,-2.1711,0.1016,0.8312,-0.7442,0.0000,-0.2786,-0.6648,-0.0624,1.1349,1.0014,3970.1499,-0.1670
2023-03-31,149.5337,27.9381,-4.5245,18.7000,9.1088,-2.5870,0.0000,4.6913,2.0513,0.9323,1.4643,0.2656,-2.6171,-0.1628,0.4891,-0.5960,0.0000,-0.0747,-0.3792,-0.0497,1.2309,1.2028,4109.3101,-0.1378
2023-04-30,150.3502,28.7648,-4.3935,15.7800,7.6487,-4.2110,0.0000,4.5674,2.0695,0.8630,1.4832,0.3897,-2.5605,-0.5488,0.3183,-0.6627,0.0000,-0.1251,-0.3533,-0.1879,1.2598,1.1988,4169.4800,-0.1252
2023-05-31,154.3354,28.7621,-3.7365,17.9400,4.8914,-5.9360,0.0000,4.6950,2.1927,0.8520,1.5968,0.3887,-2.3783,-0.2620,-0.0038,-0.7334,0.0000,-0.0729,-0.1804,-0.2095,1.1762,1.1774,4179.8301,-0.1230
2023-06-30,163.8010,29.9400,-4.1031,13.5900,2.5084,-6.4244,0.0000,4.2835,1.9990,0.8232,1.8720,0.5657,-2.4477,-0.8377,-0.2821,-0.7523,0.0000,-0.2409,-0.4515,-0.2663,1.2787,1.0651,4450.3799,-0.0663
2023-07-31,168.8667,30.8917,-4.2346,13.6300,1.9632,-7.2740,0.0000,3.9345,1.8420,0.8481,2.0120,0.7083,-2.4587,-0.8307,-0.3455,-0.7863,0.0000,-0.3832,-0.6707,-0.2160,1.3066,1.0520,4588.9600,-0.0372
2023-08-31,165.2608,30.3047,-3.9527,13.5700,1.4011,-7.9852,0.0000,3.9030,1.8496,0.8843,1.8934,0.6185,-2.3710,-0.8370,-0.4108,-0.8145,0.0000,-0.3955,-0.6589,-0.1434,1.2373,1.1408,4507.6602,-0.0542
2023-09-30,153.8269,29.7997,-3.6952,17.5200,0.3540,-9.0216,0.0000,3.8860,1.7770,0.8934,1.5456,0.5412,-2.2912,-0.3117,-0.5328,-0.8561,0.0000,-0.4020,-0.7595,-0.1248,0.9922,1.1100,4288.0498,-0.1003
2023-10-31,149.9896,28.7691,-3.7035,18.1400,-0.1858,-9.3460,0.0000,4.3555,1.8318,0.9429,1.4260,0.3846,-2.2762,-0.2289,-0.5953,-0.8678,0.0000,-0.2089,-0.6812,-0.0258,0.9618,1.1412,4193.7998,-0.1201
2023-11-30,163.1957,30.0132,-2.9595,12.9200,-0.5403,-9.1843,0.0000,3.9900,1.7890,0.8622,1.8099,0.5723,-2.0846,-0.9221,-0.6359,-0.8593,0.0000,-0.3587,-0.7400,-0.1868,1.1037,1.0427,4567.7998,-0.0416
2023-12-31,170.0183,31.4523,-2.2786,12.4500,-1.2620,-9.8044,0.0000,3.5835,1.6220,0.8222,2.0005,0.7892,-1.9115,-0.9824,-0.7194,-0.8834,0.0000,-0.5252,-0.9729,-0.2661,1.0939,0.8666,4769.8301,0.0000
2024-01-31,172.8601,32.0451,-1.7628,14.3500,-1.7478,-9.5272,0.0000,3.5462,1.6190,0.8747,2.0714,0.8773,-1.7799,-0.7280,-0.7751,-0.8699,0.0000,-0.5397,-0.9748,-0.1606,1.0719,0.8584,4845.6499,0.0000
2024-02-29,179.7008,33.0372,-1.4967,13.4000,-1.3575,-9.2555,0.0000,3.3610,1.5585,0.8982,2.2565,1.0255,-1.7088,-0.8528,-0.7278,-0.8568,0.0000,-0.6151,-1.0574,-0.1134,1.1589,0.9283,5096.2700,0.0000
2024-03-31,183.8273,33.7549,0.7457,13.0100,-1.0423,-14.0272,0.0000,3.1820,1.5450,0.8802,2.3590,1.1314,-1.1749,-0.9029,-0.6895,-1.0542,0.0000,-0.6877,-1.0737,-0.1491,1.1208,0.9838,5254.3501,0.0000
2024-04-30,177.0320,33.1416,1.0348,15.6500,-0.7103,-13.5509,0.0000,3.2273,1.4632,0.9375,2.1464,1.0358,-1.1036,-0.5500,-0.6493,-1.0318,0.0000,-0.6679,-1.1855,-0.0343,0.9839,0.9452,5035.6899,-0.0416
2024-05-31,183.9747,33.7736,0.6365,12.9200,-0.1090,-13.1356,0.0000,3.1168,1.4682,0.8835,2.3302,1.1287,-1.1944,-0.9124,-0.5775,-1.0119,0.0000,-0.7122,-1.1752,-0.1421,1.1180,1.0308,5277.5098,0.0000
2024-06-30,186.1762,34.8105,1.5174,12.4400,0.9417,-13.3049,0.0000,3.1974,1.5142,0.8626,2.3751,1.2820,-0.9839,-0.9742,-0.4528,-1.0166,0.0000,-0.6778,-1.1075,-0.1834,1.1660,1.0475,5460.4800,0.0000
2024-07-31,190.5296,35.4436,1.3924,16.3600,0.2495,-12.5308,0.0000,3.1509,1.5882,0.9139,2.4791,1.3734,-1.0110,-0.4502,-0.5338,-0.9819,0.0000,-0.6958,-1.0012,-0.0806,1.1473,0.9959,5522.2998,0.0000
2024-08-31,193.4510,34.9196,2.1724,15.0000,0.2418,-12.2896,0.0000,3.3750,1.7336,0.9231,2.5401,1.2900,-0.8251,-0.6309,-0.5339,-0.9695,0.0000,-0.6021,-0.7951,-0.0621,1.1732,1.0947,5648.3999,0.0000
2024-09-30,195.5231,35.6602,2.5023,16.7300,0.7760,-11.5221,0.0000,3.2625,1.6945,0.8892,2.5756,1.3972,-0.7457,-0.3991,-0.4700,-0.9353,0.0000,-0.6476,-0.8485,-0.1297,1.1322,1.0562,5762.4800,0.0000
2024-10-31,194.1079,36.5872,3.1978,23.1600,1.0167,-10.8454,0.0000,2.9304,1.5387,0.9688,2.5140,1.5314,-0.5803,0.4610,-0.4409,-0.9050,0.0000,-0.7837,-1.0650,0.0296,0.9554,0.9308,5705.4502,-0.0099
2024-11-30,207.2097,37.3502,3.2854,13.5100,0.6914,-11.4288,0.0000,2.6945,1.4195,0.9050,2.8503,1.6395,-0.5587,-0.8303,-0.4788,-0.9275,0.0000,-0.8797,-1.2291,-0.0978,1.2128,1.0235,6032.3799,0.0000
2024-12-31,196.4875,37.7112,3.5923,17.3500,1.1951,-10.7201,0.0000,2.7552,1.4095,0.8661,2.5305,1.6863,-0.4853,-0.3152,-0.4184,-0.8959,0.0000,-0.8528,-1.2395,-0.1752,1.0316,0.9328,5881.6299,-0.0250
2025-01-31,204.8610,37.1292,3.6284,16.4300,-3.5838,-10.6412,0.0000,2.7195,1.4470,0.8987,2.7343,1.5923,-0.4761,-0.4381,-0.9838,-0.8907,0.0000,-0.8659,-1.1836,-0.1099,0.9830,1.0925,6040.5298,0.0000
2025-02-28,198.7327,37.1872,3.5984,19.6300,-3.5233,-10.5936,0.0000,2.7132,1.4716,0.9038,2.5443,1.5944,-0.4825,-0.0083,-0.9745,-0.8869,0.0000,-0.8668,-1.1460,-0.0994,0.8703,0.8567,5954.5000,-0.0142
2025-03-31,185.9851,34.7848,3.3891,22.2800,-2.4019,-9.9467,0.0000,3.1714,1.6505,0.9913,2.1827,1.2310,-0.5315,0.3475,-0.8396,-0.8580,0.0000,-0.6754,-0.8930,0.0755,0.7547,0.9788,5611.8501,-0.0710
2025-04-30,185.1841,32.6213,4.2495,24.7000,-3.1453,-8.8720,0.0000,4.0348,1.9048,1.0659,2.1470,0.9052,-0.3265,0.6721,-0.9259,-0.8113,0.0000,-0.3165,-0.5351,0.2241,0.6805,1.0268,5569.0601,-0.0781
2025-05-31,196.7086,35.0767,4.2516,18.5700,-2.6641,-8.3889,0.0000,3.3538,1.8624,0.9142,2.4383,1.2691,-0.3256,-0.1532,-0.8670,-0.7896,0.0000,-0.5987,-0.5937,-0.0791,0.8677,0.8559,5911.6899,-0.0213
2025-06-30,202.4358,36.1111,4.7917,16.7300,-2.6867,-7.8682,0.0000,3.1235,1.7645,0.8750,2.5694,1.4189,-0.1967,-0.4008,-0.8680,-0.7663,0.0000,-0.6933,-0.7301,-0.1571,0.8985,0.7381,6204.9502,0.0000
2025-07-31,207.7092,37.4742,4.7370,16.7200,-2.9020,-7.4642,0.0000,2.8932,1.7068,0.8484,2.6845,1.6159,-0.2095,-0.4016,-0.8917,-0.7480,0.0000,-0.7877,-0.8097,-0.2099,0.9378,0.6540,6339.3901,0.0000
2025-08-31,212.0730,37.9555,4.7160,15.3600,-2.9637,-7.2980,0.0000,2.9057,1.7314,0.8358,2.7721,1.6804,-0.2142,-0.5844,-0.8972,-0.7397,0.0000,-0.7811,-0.7737,-0.2345,1.0077,0.8186,6460.2598,0.0000
2025-09-30,217.0693,38.8514,4.6600,16.2800,-3.1955,-6.6619,0.0000,2.7857,1.7129,0.8446,2.8727,1.8049,-0.2273,-0.4594,-0.9229,-0.7117,0.0000,-0.8295,-0.7984,-0.2163,1.0321,0.8625,6688.4600,0.0000
