,Buffett,CAPE,M2_YoY,VIX,CI_Loans_YoY,FedBalanceSheet_YoY,RRP_YoY,HY_Spread,IG_Spread,VolTerm,Pressure_raw,Trigger_raw,Buffett_z,CAPE_z,M2_YoY_z,VIX_z,CI_Loans_z,FedBalanceSheet_z,RRP_z,HY_Spread_z,IG_Spread_z,VolTerm_z,Pressure_z,Trigger_z,Composite,Composite_real_time,SP500,SPX_Drawdown
1990-12-31,52.1266,15.8463,3.4476,26.3800,1.1306,5.5482,0.0000,4.3900,2.3595,1.0010,23.0345,-3.9465,-0.8331,-0.6918,-1.1823,0.5884,-1.1011,0.0000,0.0000,0.0000,1.2314,0.0000,-0.8754,0.2608,-0.3294,,330.2200,0.0000
1991-01-31,53.6774,15.6062,3.9785,20.9100,-0.3471,5.5482,0.0000,4.3900,2.3605,1.0010,22.9788,-3.2407,-0.4234,-0.8987,-0.6997,-0.9027,-1.5000,0.0000,0.0000,0.0000,1.1840,0.0000,-0.9407,0.3981,-0.2247,,343.9300,0.0000
1991-02-28,58.0677,17.3547,3.9429,21.2300,-0.2669,5.5482,0.0000,4.3900,2.2137,1.0010,25.0518,-3.3023,0.7068,0.8345,-0.7098,-0.7877,-1.3867,0.0000,0.0000,0.0000,0.8562,0.0000,0.0516,0.3362,0.5266,,367.0700,0.0000
1991-03-31,59.7570,17.8186,4.2517,16.8800,-0.3990,5.5482,0.0000,4.3900,1.9800,1.0010,25.7255,-2.7584,1.1055,1.2412,-0.4266,-1.8393,-1.3520,0.0000,0.0000,0.0000,0.3744,0.0000,0.3316,0.3772,0.8084,,375.2200,0.0000
1991-04-30,59.9853,18.1553,3.8646,18.2400,-1.5300,5.5482,0.0000,4.3900,1.9032,1.0010,25.5369,-2.9084,1.1176,1.4839,-0.7535,-1.3948,-1.6006,0.0000,0.0000,0.0000,0.2129,0.0000,0.3336,0.3373,0.8121,,375.3400,0.0000
1991-05-31,61.6019,18.0354,4.5498,15.9300,-1.5815,5.5482,0.0000,4.3900,1.7959,1.0010,26.0186,-2.6916,1.4546,1.3012,-0.1292,-1.8395,-1.5201,0.0000,0.0000,0.0000,-0.0016,0.0000,0.4119,0.2810,0.7778,,389.8300,0.0000
1991-06-30,57.3791,18.0152,4.2671,19.5500,-2.3080,5.5482,0.0000,4.3900,1.6780,1.0010,24.3621,-3.1852,0.3664,1.2266,-0.3831,-0.9071,-1.6288,0.0000,0.0000,0.0000,-0.2295,0.0000,-0.0119,0.1515,0.3192,,371.1600,-0.0479
1991-07-31,60.6454,18.1035,3.8519,15.1800,-2.6270,5.5482,0.0000,4.3900,1.6218,1.0010,25.3740,-2.5096,1.1680,1.2546,-0.7530,-1.8497,-1.6171,0.0000,0.0000,0.0000,-0.3308,0.0000,0.2685,0.3246,0.7750,,387.8100,-0.0052
1991-08-31,62.1050,18.5123,3.4386,14.4600,-2.9666,5.5482,0.0000,4.3900,1.7455,1.0010,25.8835,-2.3300,1.4658,1.5490,-1.1031,-1.8713,-1.6129,0.0000,0.0000,0.0000,-0.0810,0.0000,0.4673,0.4134,1.0477,,395.4300,0.0000
1991-09-30,60.0127,18.3573,2.5535,15.8500,-2.7597,5.5482,0.0000,4.3900,1.8645,1.0010,25.2034,-2.3852,0.9105,1.3448,-1.8043,-1.4761,-1.4778,0.0000,0.0000,0.0000,0.1524,0.0000,0.2592,0.4904,0.9878,,387.8600,-0.0191
1991-10-31,61.1818,18.3492,3.1299,15.4800,-3.1873,5.5482,0.0000,4.3900,1.9630,1.0010,25.4479,-2.4006,1.1640,1.2839,-1.2342,-1.4829,-1.5135,0.0000,0.0000,0.0000,0.3392,0.0000,0.3115,0.4366,0.9251,,392.4500,-0.0075
1991-11-30,58.7502,18.2889,3.0111,20.2600,-3.2271,5.5482,0.0000,4.3900,2.0370,1.0010,24.6040,-3.0559,0.5415,1.1866,-1.2883,-0.4273,-1.4539,0.0000,0.0000,0.0000,0.4732,0.0000,0.0914,0.3127,0.5949,,375.2200,-0.0511
1991-12-31,64.7519,18.4417,2.5641,19.3100,-3.6924,5.5482,0.0000,4.3900,2.1705,1.0010,26.5004,-2.8373,1.9264,1.2731,-1.5981,-0.6259,-1.5012,0.0000,0.0000,0.0000,0.7196,0.0000,0.5661,0.4205,1.1165,,417.0900,0.0000
1992-01-31,64.7814,19.7731,2.9937,17.4000,-3.3284,5.5482,0.0000,4.3900,2.0950,1.0010,27.0753,-2.6365,1.8159,2.2352,-1.1857,-1.0240,-1.3529,0.0000,0.0000,0.0000,0.5533,0.0000,0.8994,0.3947,1.3317,,408.7800,-0.0199
1992-02-29,65.0216,19.5830,2.8359,16.6800,-4.1605,5.5482,0.0000,4.3900,1.8884,1.0010,26.8147,-2.5407,1.7665,1.9409,-1.2746,-1.1482,-1.4938,0.0000,0.0000,0.0000,0.1364,0.0000,0.7379,0.3656,1.2048,,412.7000,-0.0105
1992-03-31,61.7630,19.2836,1.5929,16.1800,-4.5230,5.5482,0.0000,4.3900,1.7064,1.0010,25.5079,-2.3177,0.9972,1.6211,-2.1545,-1.2184,-1.5144,0.0000,0.0000,0.0000,-0.2219,0.0000,0.3679,0.4501,1.0760,,403.6900,-0.0321
1992-04-30,63.1483,19.3012,2.1757,15.5300,-4.5135,5.5482,0.0000,4.3900,1.7286,1.0010,25.9787,-2.3049,1.2690,1.5621,-1.6060,-1.3145,-1.4516,0.0000,0.0000,0.0000,-0.1730,0.0000,0.4598,0.3925,1.0430,,414.9500,-0.0051
1992-05-31,63.1421,19.6623,1.5701,13.8600,-4.1218,5.5482,0.0000,4.3900,1.7375,1.0010,26.2275,-1.9785,1.2280,1.7424,-1.9557,-1.6041,-1.3118,0.0000,0.0000,0.0000,-0.1514,0.0000,0.5529,0.4869,1.2382,,415.3500,-0.0042
1992-06-30,60.6527,19.3154,0.4662,13.3500,-4.2224,5.5482,0.0000,4.3900,1.7864,1.0010,25.2486,-1.7410,0.6581,1.4306,-2.5306,-1.6357,-1.2922,0.0000,0.0000,0.0000,-0.0524,0.0000,0.2655,0.5877,1.1483,,408.1400,-0.0215
1992-07-31,62.9461,19.6207,1.2183,13.1700,-4.0018,5.5482,0.0000,4.3900,1.9923,1.0010,26.1883,-1.7933,1.1441,1.5836,-1.8899,-1.6017,-1.2044,0.0000,0.0000,0.0000,0.3511,0.0000,0.5078,0.5490,1.2329,,424.2100,0.0000
1992-08-31,61.7679,19.7221,1.2680,13.5800,-3.7022,5.5482,0.0000,4.3900,2.0671,1.0010,25.9293,-1.8483,0.8615,1.5877,-1.7659,-1.4620,-1.1054,0.0000,0.0000,0.0000,0.4894,0.0000,0.4479,0.5310,1.1408,,414.0300,-0.0240
1992-09-30,61.2651,19.7088,1.5306,14.2800,-3.7570,5.5482,0.0000,4.3900,2.2014,1.0010,25.7390,-1.9666,0.7352,1.5187,-1.5308,-1.2808,-1.0906,0.0000,0.0000,0.0000,0.7412,0.0000,0.3878,0.5075,1.0350,,417.8000,-0.0151
1992-10-31,62.1377,19.3703,1.9684,16.1500,-3.5102,5.5482,0.0000,4.3900,2.2518,1.0010,25.9993,-2.2891,0.9143,1.2487,-1.2113,-0.8878,-1.0104,0.0000,0.0000,0.0000,0.8237,0.0000,0.3842,0.4175,0.8982,,418.6800,-0.0130
1992-11-30,64.2714,19.8337,1.4538,13.0100,-3.3799,5.5482,0.0000,4.3900,2.0860,1.0010,26.9084,-1.7907,1.3558,1.5101,-1.4907,-1.4671,-0.9600,0.0000,0.0000,0.0000,0.4815,0.0000,0.6353,0.4913,1.2210,,431.3500,0.0000
1992-12-31,64.0571,20.4486,1.6143,12.5700,-3.1251,5.5482,0.0000,4.3900,2.0405,1.0010,27.1269,-1.7573,1.2713,1.8346,-1.3465,-1.5004,-0.8841,0.0000,0.0000,0.0000,0.3823,0.0000,0.7406,0.4613,1.2635,,435.7100,0.0000
1993-01-31,65.1056,20.3234,0.8946,12.4200,-2.6845,5.5482,0.0000,4.3900,2.0660,1.0010,27.5815,-1.6294,1.4563,1.6817,-1.7269,-1.4787,-0.7690,0.0000,0.0000,0.0000,0.4246,0.0000,0.7897,0.5186,1.3828,,438.7800,0.0000
1993-02-28,64.8824,20.5453,0.3724,13.1600,-2.7626,5.5482,0.0000,4.3900,2.1347,1.0010,27.5551,-1.6507,1.3659,1.7482,-1.9483,-1.2993,-0.7745,0.0000,0.0000,0.0000,0.5508,0.0000,0.7799,0.5426,1.4099,1.1673,443.3800,0.0000
1993-03-31,65.9753,20.8552,0.0973,12.5300,-2.9571,5.5482,0.0000,4.3900,2.1704,1.0010,27.9578,-1.5163,1.5497,1.8556,-2.0055,-1.3787,-0.8068,0.0000,0.0000,0.0000,0.6100,0.0000,0.8662,0.5706,1.5153,1.3348,451.6700,0.0000
1993-04-30,64.0239,20.4574,0.3869,12.4200,-2.5736,5.5482,0.0000,4.3900,2.1710,1.0010,27.3026,-1.5419,1.1054,1.5573,-1.7623,-1.3604,-0.7063,0.0000,0.0000,0.0000,0.5993,0.0000,0.6521,0.5317,1.2734,1.3403,440.1900,-0.0254
1993-05-31,66.0901,20.5176,1.2294,13.4700,-2.1160,5.5482,0.0000,4.3900,2.1785,1.0010,28.1639,-1.8112,1.5003,1.5417,-1.2516,-1.1375,-0.5906,0.0000,0.0000,0.0000,0.6028,0.0000,0.8171,0.4274,1.2478,1.1271,450.1900,-0.0033
1993-06-30,65.3335,20.6084,1.3892,11.2600,-1.8571,5.5482,0.0000,4.3900,2.1068,1.0010,28.0282,-1.5285,1.3057,1.5444,-1.1363,-1.5038,-0.5228,0.0000,0.0000,0.0000,0.4509,0.0000,0.7758,0.4416,1.2263,1.3176,450.5300,-0.0025
1993-07-31,65.3194,20.5646,1.3519,11.7300,-1.7464,5.5482,0.0000,4.3900,2.1281,1.0010,28.0459,-1.5873,1.2713,1.4740,-1.1329,-1.3787,-0.4907,0.0000,0.0000,0.0000,0.4845,0.0000,0.7515,0.4280,1.1865,1.1223,448.1300,-0.0078
1993-08-31,67.7277,20.8122,0.9863,11.8500,-1.4966,5.5482,0.0000,4.3900,1.9173,1.0010,29.0145,-1.5823,1.7110,1.5666,-1.3055,-1.3228,-0.4260,0.0000,0.0000,0.0000,0.0617,0.0000,0.9505,0.3843,1.3286,1.0683,463.5600,0.0000
1993-09-30,66.6583,20.9935,1.0692,12.9900,-2.0242,5.5482,0.0000,4.3900,1.9819,1.0010,28.5425,-1.7478,1.4500,1.6161,-1.2310,-1.0934,-0.5479,0.0000,0.0000,0.0000,0.1876,0.0000,0.8394,0.3589,1.2058,1.2873,458.9300,-0.0100
1993-10-31,68.2390,21.1092,0.7933,11.4600,-1.9210,5.5482,0.0000,4.3900,1.9824,1.0010,29.1424,-1.4897,1.7096,1.6271,-1.3500,-1.3379,-0.5170,0.0000,0.0000,0.0000,0.1853,0.0000,0.9399,0.4105,1.3526,1.1355,467.8300,0.0000
1993-11-30,66.6355,21.0379,1.1557,13.7600,-2.4305,5.5482,0.0000,4.3900,1.9367,1.0010,28.4143,-1.8766,1.3557,1.5412,-1.1278,-0.9086,-0.6347,0.0000,0.0000,0.0000,0.0923,0.0000,0.7541,0.3041,1.0782,1.2022,461.7900,-0.0129
1993-12-31,66.0493,21.1647,1.6149,11.6600,-2.1562,5.5482,0.0000,4.3900,1.9109,1.0010,28.3526,-1.6459,1.2137,1.5634,-0.8626,-1.2598,-0.5607,0.0000,0.0000,0.0000,0.0401,0.0000,0.7388,0.3089,1.0518,1.0378,466.4500,-0.0029
1994-01-31,68.6689,21.4120,1.5210,10.6300,-1.4672,5.5482,0.0000,4.3900,1.8976,1.0010,29.5379,-1.4872,1.6748,1.6444,-0.9007,-1.4089,-0.3857,0.0000,0.0000,0.0000,0.0133,0.0000,0.9779,0.3318,1.2648,0.9924,481.6100,0.0000
1994-02-28,66.9171,21.2638,1.5191,14.8700,-0.8949,5.5482,0.0000,4.3900,1.7905,1.0010,29.0953,-2.1080,1.3054,1.5227,-0.8886,-0.6461,-0.2402,0.0000,0.0000,0.0000,-0.1976,0.0000,0.8626,0.1910,1.0094,1.0328,467.1400,-0.0300
1994-03-31,62.2125,20.8334,1.8432,20.4500,1.6461,5.5482,0.0000,4.3900,1.6465,1.0010,28.2306,-2.9720,0.3946,1.2687,-0.7011,0.3496,0.3976,0.0000,0.0000,0.0000,-0.4779,0.0000,0.6870,-0.0180,0.5832,0.6929,445.7700,-0.0744
1994-04-30,63.5032,20.0553,2.2330,13.7700,2.5028,5.5482,0.0000,4.3900,1.5505,1.0010,28.6871,-2.0871,0.6381,0.8492,-0.4802,-0.8432,0.6088,0.0000,0.0000,0.0000,-0.6594,0.0000,0.6987,0.0949,0.7026,0.9326,450.9100,-0.0637
1994-05-31,63.6455,20.1965,0.9809,13.0300,2.8954,5.5482,0.0000,4.3900,1.4405,1.0010,28.9125,-1.8182,0.6586,0.9103,-1.1578,-0.9623,0.7010,0.0000,0.0000,0.0000,-0.8660,0.0000,0.7566,0.1792,0.8942,0.9582,456.5000,-0.0521
1994-06-30,60.2863,20.2908,1.2352,14.9700,3.1803,5.5482,0.0000,4.3900,1.5464,1.0010,27.9191,-2.1166,0.0004,0.9461,-1.0007,-0.6053,0.7648,0.0000,0.0000,0.0000,-0.6443,0.0000,0.5704,0.1374,0.6673,1.0097,444.2700,-0.0775
1994-07-31,62.7131,20.0680,1.5474,11.1300,5.5888,5.5482,0.0000,4.3900,1.5055,1.0010,29.4566,-1.6184,0.4752,0.8184,-0.8166,-1.2770,1.3547,0.0000,0.0000,0.0000,-0.7152,0.0000,0.8828,0.1969,0.9403,0.7028,458.2600,-0.0485
1994-08-31,64.8612,20.5355,1.1200,11.9700,6.3976,5.5482,0.0000,4.3900,1.5035,1.0010,30.5981,-1.6777,0.8899,1.0485,-1.0388,-1.1065,1.5226,0.0000,0.0000,0.0000,-0.7087,0.0000,1.1537,0.2052,1.1731,0.9410,475.4900,-0.0127
1994-09-30,62.5556,20.5765,1.0579,14.2800,6.7213,5.5482,0.0000,4.3900,1.5210,1.0010,29.9511,-1.9963,0.4276,1.0536,-1.0568,-0.6825,1.5637,0.0000,0.0000,0.0000,-0.6640,0.0000,1.0150,0.1536,0.9961,1.0630,462.7100,-0.0392
1994-10-31,64.2677,20.3958,0.3654,14.5600,8.2465,5.5482,0.0000,4.3900,1.4629,1.0010,30.9700,-1.9457,0.7615,0.9454,-1.4113,-0.6255,1.8806,0.0000,0.0000,0.0000,-0.7690,0.0000,1.1958,0.1811,1.1808,0.7705,472.3500,-0.0192
1994-11-30,61.3241,20.2095,0.5424,15.9500,9.9355,5.5482,0.0000,4.3900,1.3590,1.0010,30.4897,-2.1844,0.1694,0.8370,-1.2885,-0.3697,2.1978,0.0000,0.0000,0.0000,-0.9629,0.0000,1.0681,0.0993,0.9623,1.0526,453.6900,-0.0580
1994-12-31,60.3576,19.9115,0.3586,13.2000,10.5861,5.5482,0.0000,4.3900,1.2895,1.0010,30.2851,-1.7752,-0.0257,0.6728,-1.3617,-0.8624,2.2506,0.0000,0.0000,0.0000,-1.0866,0.0000,0.9659,0.1625,0.9586,0.9272,459.2700,-0.0464
1995-01-31,62.1100,20.2191,0.5207,11.9600,11.7299,5.5482,0.0000,4.3900,1.3048,1.0010,31.3530,-1.6190,0.3285,0.8262,-1.2504,-1.0736,2.3949,0.0000,0.0000,0.0000,-1.0417,0.0000,1.1832,0.1832,1.1401,0.8710,470.4200,-0.0232
1995-02-28,64.4961,20.8026,0.4321,11.7500,13.4396,5.5482,0.0000,4.3900,1.3805,1.0010,32.9128,-1.5655,0.8081,1.1188,-1.2753,-1.0954,2.6229,0.0000,0.0000,0.0000,-0.8781,0.0000,1.5166,0.2132,1.4234,0.9572,487.3900,0.0000
1995-03-31,65.3634,21.1527,0.6042,13.3700,12.7855,5.5482,0.0000,4.3900,1.4965,1.0010,33.1006,-1.8050,0.9733,1.2812,-1.1633,-0.7905,2.3699,0.0000,0.0000,0.0000,-0.6375,0.0000,1.5415,0.1880,1.4130,1.0547,500.7100,0.0000
1995-04-30,67.2397,21.6427,0.9784,11.7500,13.1987,5.5482,0.0000,4.3900,1.5363,1.0010,34.0271,-1.6213,1.3335,1.5062,-0.9489,-1.0720,2.3468,0.0000,0.0000,0.0000,-0.5506,0.0000,1.7289,0.2100,1.5748,1.1654,514.7100,0.0000
1995-05-31,68.9960,22.1954,1.1940,12.8500,13.2031,5.5482,0.0000,4.3900,1.5705,1.0010,34.7982,-1.8044,1.6506,1.7472,-0.8233,-0.8606,2.2524,0.0000,0.0000,0.0000,-0.4760,0.0000,1.8834,0.1726,1.6531,1.2853,533.4000,0.0000
1995-06-30,70.2850,22.7184,2.0635,11.3800,13.5842,5.5482,0.0000,4.3900,1.7323,1.0010,35.5292,-1.6955,1.8551,1.9532,-0.3495,-1.1139,2.2346,0.0000,0.0000,0.0000,-0.1505,0.0000,2.0143,0.1876,1.7308,1.5127,544.7500,0.0000
1995-07-31,74.1141,23.3764,2.3047,13.4900,12.7958,5.5482,0.0000,4.3900,1.7605,1.0010,36.7621,-2.0273,2.4919,2.1993,-0.2166,-0.7205,2.0167,0.0000,0.0000,0.0000,-0.0928,0.0000,2.2360,0.1206,1.8398,1.3972,562.0600,0.0000
1995-08-31,73.6761,23.2841,3.1868,11.5200,12.5713,5.5482,0.0000,4.3900,1.7048,1.0010,36.5105,-1.8799,2.3098,2.0803,0.2655,-1.0678,1.9161,0.0000,0.0000,0.0000,-0.2017,0.0000,2.1021,0.0858,1.6729,1.7119,561.8800,-0.0003
1995-09-30,75.0457,23.9460,3.5117,12.7400,12.8234,5.5482,0.0000,4.3900,1.7370,1.0010,37.2717,-2.0960,2.4503,2.3034,0.4414,-0.8351,1.9048,0.0000,0.0000,0.0000,-0.1356,0.0000,2.2195,0.0369,1.6989,1.4584,584.4100,0.0000
1995-10-31,74.9385,23.9268,3.5161,13.8300,11.7203,5.5482,0.0000,4.3900,1.7059,1.0010,36.8618,-2.2568,2.3327,2.2098,0.4407,-0.6293,1.6671,0.0000,0.0000,0.0000,-0.1953,0.0000,2.0699,-0.0010,1.5538,1.4537,581.5000,-0.0050
1995-11-30,77.7244,24.3476,3.8193,11.5800,11.3113,5.5482,0.0000,4.3900,1.7543,1.0010,37.7945,-1.9717,2.6762,2.3080,0.6047,-1.0314,1.5612,0.0000,0.0000,0.0000,-0.0974,0.0000,2.1818,0.0470,1.6923,1.4378,605.3700,0.0000
1995-12-31,77.6826,25.0274,4.2962,12.5200,10.8977,5.5482,0.0000,4.3900,1.7790,1.0010,37.8692,-2.1706,2.5464,2.4943,0.8624,-0.8492,1.4604,0.0000,0.0000,0.0000,-0.0474,0.0000,2.1671,-0.0087,1.6046,1.4999,615.9300,0.0000
1996-01-31,80.6663,24.7625,4.4280,12.5300,9.2359,5.5482,0.0000,4.3900,1.8086,1.0010,38.2215,-2.1866,2.8604,2.2906,0.9259,-0.8388,1.1547,0.0000,0.0000,0.0000,0.0117,0.0000,2.1019,-0.0108,1.5638,1.3153,636.0200,0.0000
1996-02-29,80.7241,25.9761,5.1744,17.0400,7.7995,5.5482,0.0000,4.3900,1.8210,1.0010,38.1665,-2.9358,2.7239,2.6624,1.3227,-0.0042,0.8954,0.0000,0.0000,0.0000,0.0360,0.0000,2.0939,-0.1832,1.3521,1.1296,640.4300,0.0000
1996-03-31,80.5805,25.6299,5.7446,18.8800,8.0196,5.5482,0.0000,4.3900,1.7676,1.0010,38.0767,-3.2877,2.5798,2.4206,1.6067,0.3362,0.9238,0.0000,0.0000,0.0000,-0.0699,0.0000,1.9747,-0.2875,1.1207,0.8736,645.5000,0.0000
1996-04-30,83.4206,25.4242,5.0337,15.8300,7.5578,5.5482,0.0000,4.3900,1.6848,1.0010,38.8009,-2.7623,2.8294,2.2570,1.1967,-0.2331,0.8352,0.0000,0.0000,0.0000,-0.2329,0.0000,1.9739,-0.1709,1.2950,0.8369,654.1700,0.0000
1996-05-31,84.8679,25.8140,4.8910,16.0700,6.9551,5.5482,0.0000,4.3900,1.5609,1.0010,39.2124,-2.7939,2.8661,2.3173,1.1040,-0.1869,0.7238,0.0000,0.0000,0.0000,-0.4752,0.0000,1.9691,-0.1989,1.2862,1.0999,669.1200,0.0000
1996-06-30,81.7045,25.9667,4.9607,13.6800,7.5359,5.5482,0.0000,4.3900,1.4880,1.0010,38.4024,-2.4728,2.3577,2.2896,1.1279,-0.6341,0.8177,0.0000,0.0000,0.0000,-0.6142,0.0000,1.8217,-0.1583,1.2114,1.1462,670.6300,0.0000
1996-07-31,78.1971,24.8584,4.2780,19.4600,5.9472,5.5482,0.0000,4.3900,1.4877,1.0010,36.3342,-3.2011,1.8603,1.8415,0.7461,0.4601,0.5354,0.0000,0.0000,0.0000,-0.6080,0.0000,1.4124,-0.2592,0.8055,0.6433,639.9500,-0.0457
1996-08-31,80.1276,25.4125,4.3523,17.0100,6.7880,5.5482,0.0000,4.3900,1.5400,1.0010,37.4427,-2.8542,2.0439,1.9838,0.7802,-0.0070,0.6780,0.0000,0.0000,0.0000,-0.4979,0.0000,1.5685,-0.1816,1.0036,0.7127,651.9900,-0.0278
1996-09-30,82.7185,25.6801,3.8447,16.9500,7.9855,5.5482,0.0000,4.3900,1.5130,1.0010,38.7947,-2.7770,2.2844,2.0199,0.4964,-0.0184,0.8808,0.0000,0.0000,0.0000,-0.5460,0.0000,1.7284,-0.1463,1.1807,0.7773,687.3300,0.0000
1996-10-31,84.9552,26.4835,4.4629,18.1100,7.6255,5.5482,0.0000,4.3900,1.5361,1.0010,39.6881,-3.0277,2.4571,2.2230,0.8317,0.2041,0.8100,0.0000,0.0000,0.0000,-0.4945,0.0000,1.8300,-0.2186,1.1620,0.7673,705.2700,0.0000
1996-11-30,89.5983,27.5856,4.5771,17.1400,8.8166,5.5482,0.0000,4.3900,1.5810,1.0010,42.0002,-2.8990,2.8543,2.4940,0.8867,0.0160,1.0099,0.0000,0.0000,0.0000,-0.4004,0.0000,2.1194,-0.1862,1.4128,0.8278,757.0200,0.0000
1996-12-31,86.5162,27.7239,4.7740,20.9200,9.0634,5.5482,0.0000,4.3900,1.5905,1.0010,41.1012,-3.4658,2.4143,2.4446,0.9859,0.7463,1.0421,0.0000,0.0000,0.0000,-0.3775,0.0000,1.9670,-0.3014,1.1462,0.7878,740.7400,-0.0215
1997-01-31,92.6455,28.3329,5.4347,19.4700,8.0969,5.5482,0.0000,4.3900,1.5173,1.0010,43.0251,-3.3635,2.9312,2.5351,1.3338,0.4603,0.8633,0.0000,0.0000,0.0000,-0.5185,0.0000,2.1099,-0.3304,1.2284,0.7694,786.1600,0.0000
1997-02-28,91.3546,29.2656,4.9610,21.1000,9.2141,5.5482,0.0000,4.3900,1.5221,1.0010,43.2781,-3.5280,2.6751,2.7010,1.0598,0.7735,1.0497,0.0000,0.0000,0.0000,-0.5036,0.0000,2.1419,-0.3339,1.2538,0.8103,790.8200,0.0000
1997-03-31,85.5591,28.8025,4.7287,22.1400,9.4890,5.5482,0.0000,4.3900,1.4880,1.0010,41.2835,-3.6483,2.0286,2.4681,0.9225,0.9682,1.0862,0.0000,0.0000,0.0000,-0.5661,0.0000,1.8610,-0.3510,1.0138,0.7774,757.1200,-0.0426
1997-04-30,90.3857,27.5852,5.1961,20.0600,9.9807,5.5482,0.0000,4.3900,1.4514,1.0010,42.6505,-3.4231,2.4246,2.0572,1.1673,0.5558,1.1593,0.0000,0.0000,0.0000,-0.6330,0.0000,1.8804,-0.3366,1.0289,0.7618,801.3400,0.0000
1997-05-31,96.0945,29.9284,5.0797,19.1900,10.1754,5.5482,0.0000,4.3900,1.4919,1.0010,45.3994,-3.2764,2.8446,2.6191,1.0909,0.3821,1.1794,0.0000,0.0000,0.0000,-0.5464,0.0000,2.2144,-0.2885,1.3559,0.9351,848.2800,0.0000
1997-06-30,98.0876,31.2566,4.5917,21.5300,9.5879,5.5482,0.0000,4.3900,1.5267,1.0010,46.3107,-3.5360,2.8890,2.8500,0.8147,0.8385,1.0646,0.0000,0.0000,0.0000,-0.4722,0.0000,2.2679,-0.3036,1.4042,0.9086,885.1400,0.0000
1997-07-31,107.0513,32.7666,4.8675,21.4800,9.6049,5.5482,0.0000,4.3900,1.5268,1.0010,49.8076,-3.5683,3.4588,3.0822,0.9582,0.8218,1.0566,0.0000,0.0000,0.0000,-0.4673,0.0000,2.5326,-0.3210,1.5920,0.8552,954.3100,0.0000
1997-08-31,101.8664,32.5863,5.8010,24.7600,10.1112,5.5482,0.0000,4.3900,1.5181,1.0010,48.1880,-4.1714,2.8766,2.8948,1.4524,1.4512,1.1330,0.0000,0.0000,0.0000,-0.4801,0.0000,2.3015,-0.4834,1.1807,1.0079,899.4700,-0.0575
1997-09-30,104.9846,32.6666,5.6758,22.9100,8.7740,5.5482,0.0000,4.3900,1.5043,1.0010,48.8084,-3.8912,2.9812,2.7891,1.3645,1.0745,0.8904,0.0000,0.0000,0.0000,-0.5029,0.0000,2.2202,-0.4203,1.2110,0.8971,947.2800,-0.0074
1997-10-31,103.0204,32.9015,5.6802,35.0900,8.4872,5.5482,0.0000,4.3900,1.5409,1.0010,48.1364,-5.6266,2.7113,2.7285,1.3486,3.2788,0.8332,0.0000,0.0000,0.0000,-0.4257,0.0000,2.0910,-0.7219,0.7608,0.6566,914.6200,-0.0416
1997-11-30,105.4113,32.3366,5.7987,27.4300,8.7241,5.5482,0.0000,4.3900,1.5442,1.0010,48.8240,-4.5488,2.7736,2.5077,1.3936,1.8029,0.8677,0.0000,0.0000,0.0000,-0.4151,0.0000,2.0497,-0.5159,0.9569,0.7415,955.4000,0.0000
1997-12-31,105.4972,33.0308,5.7112,24.0100,9.2638,5.5482,0.0000,4.3900,1.5173,1.0010,49.2639,-4.0516,2.6724,2.5675,1.3287,1.1549,0.9544,0.0000,0.0000,0.0000,-0.4646,0.0000,2.0647,-0.4212,1.0783,0.8559,970.4300,0.0000
1998-01-31,106.6858,32.8600,5.8958,21.4700,9.4576,5.5482,0.0000,4.3900,1.6520,1.0010,49.6678,-3.6959,2.6535,2.4472,1.4088,0.6792,0.9796,0.0000,0.0000,0.0000,-0.1934,0.0000,2.0267,-0.3259,1.1346,0.9698,980.2800,0.0000
1998-02-28,114.1037,34.7097,6.6438,18.5500,9.3678,5.5482,0.0000,4.3900,1.6816,1.0010,52.7270,-3.3813,3.0211,2.7294,1.7770,0.1357,0.9554,0.0000,0.0000,0.0000,-0.1330,0.0000,2.2353,-0.2922,1.3188,1.0046,1049.3400,0.0000
1998-03-31,118.2725,36.2969,6.2094,24.2200,8.2440,5.5482,0.0000,4.3900,1.6718,1.0010,54.2712,-4.1307,3.1347,2.9221,1.5220,1.1817,0.7517,0.0000,0.0000,0.0000,-0.1511,0.0000,2.2695,-0.4078,1.2464,0.8306,1101.7500,0.0000
1998-04-30,119.9448,37.2769,7.0164,21.1800,6.9852,5.5482,0.0000,4.3900,1.6929,1.0010,54.7356,-3.8087,3.0851,2.9760,1.9085,0.6112,0.5261,0.0000,0.0000,0.0000,-0.1081,0.0000,2.1958,-0.3754,1.2127,0.9706,1111.7500,0.0000
1998-05-31,115.8413,36.9566,6.9285,21.3200,8.6030,5.5482,0.0000,4.3900,1.6450,1.0010,53.8003,-3.8229,2.7233,2.7975,1.8263,0.6334,0.8071,0.0000,0.0000,0.0000,-0.2020,0.0000,2.1093,-0.3802,1.1264,0.8975,1090.8199,-0.0188
1998-06-30,119.1021,36.8023,6.6727,19.7100,9.4304,5.5482,0.0000,4.3900,1.6377,1.0010,55.1116,-3.5574,2.8024,2.6678,1.6655,0.3300,0.9462,0.0000,0.0000,0.0000,-0.2146,0.0000,2.1388,-0.3157,1.2252,0.9853,1133.8400,0.0000
1998-07-31,117.7542,38.2596,7.0047,24.8000,10.3005,5.5482,0.0000,4.3900,1.6877,1.0010,55.4381,-4.3249,2.6282,2.8144,1.8016,1.2731,1.0903,0.0000,0.0000,0.0000,-0.1136,0.0000,2.1776,-0.4555,1.0722,0.9175,1120.6700,-0.0116
1998-08-31,97.2692,35.4234,6.4692,44.2800,9.7168,5.5482,0.0000,4.3900,1.8014,1.0010,47.4698,-7.0150,1.4505,2.2559,1.5076,4.0000,0.9783,0.0000,0.0000,0.0000,0.1128,0.0000,1.5616,-0.7707,0.2216,0.4897,957.2800,-0.1557
1998-09-30,101.8178,33.5324,7.2334,40.9500,9.6923,5.5482,0.0000,4.3900,2.2814,1.0010,48.3475,-6.5799,1.6781,1.8926,1.8573,3.6423,0.9659,0.0000,0.0000,0.0000,1.0636,0.0000,1.5122,-0.6337,0.2649,0.2826,1017.0100,-0.1030
1998-10-31,110.0992,33.7731,8.2191,28.0500,12.9841,5.5482,0.0000,4.3900,2.6482,1.0010,52.2855,-4.8254,2.0906,1.8953,2.2870,1.5330,1.5285,0.0000,0.0000,0.0000,1.7819,0.0000,1.8381,-0.2912,0.8165,0.7414,1098.6700,-0.0310
1998-11-30,116.9703,37.3694,7.8464,26.0100,11.6113,5.5482,0.0000,4.3900,2.5120,1.0010,55.3170,-4.5002,2.3969,2.4254,2.0570,1.1926,1.2718,0.0000,0.0000,0.0000,1.4968,0.0000,2.0314,-0.2504,1.0702,0.7407,1163.6300,0.0000
1998-12-31,121.4377,38.8203,8.4505,24.4200,10.0312,5.5482,0.0000,4.3900,2.5814,1.0010,56.7631,-4.3495,2.5528,2.5771,2.2871,0.9300,0.9853,0.0000,0.0000,0.0000,1.6219,0.0000,2.0384,-0.2279,1.1011,0.7914,1229.2300,0.0000
1999-01-31,126.7624,40.5770,8.5809,26.2500,9.3244,5.5482,0.0000,4.3900,2.5658,1.0010,58.8879,-4.6318,2.7311,2.7548,2.2874,1.2114,0.8546,0.0000,0.0000,0.0000,1.5776,0.0000,2.1135,-0.2745,1.1211,0.6863,1279.6400,0.0000
1999-02-28,121.2813,40.4002,8.2828,27.8800,8.0769,5.5482,0.0000,4.3900,2.3900,1.0010,56.5861,-4.8471,2.3827,2.6363,2.1000,1.4537,0.6310,0.0000,0.0000,0.0000,1.2160,0.0000,1.8834,-0.3340,0.9125,0.7869,1238.3300,-0.0323
1999-03-31,123.9573,41.3561,7.9052,23.2600,10.0061,5.5482,0.0000,4.3900,2.3013,1.0010,58.4398,-4.1459,2.4439,2.6864,1.8901,0.7122,0.9644,0.0000,0.0000,0.0000,1.0302,0.0000,2.0316,-0.2246,1.1583,0.8426,1286.3700,0.0000
1999-04-30,130.7716,42.7045,8.2451,25.0700,9.1793,5.5482,0.0000,4.3900,2.2929,1.0010,60.8851,-4.4542,2.6839,2.7816,2.0027,0.9935,0.8127,0.0000,0.0000,0.0000,1.0051,0.0000,2.0927,-0.2844,1.1450,0.9696,1335.1801,0.0000
1999-05-31,126.9543,42.5567,7.5067,25.3900,6.9703,5.5482,0.0000,4.3900,2.1825,1.0010,58.8271,-4.4102,2.4311,2.6686,1.6461,1.0360,0.4196,0.0000,0.0000,0.0000,0.7781,0.0000,1.8397,-0.2720,1.0160,0.9214,1301.8400,-0.0250
1999-06-30,131.8868,42.1807,7.6930,21.0900,6.3274,5.5482,0.0000,4.3900,2.1155,1.0010,60.1316,-3.8321,2.5792,2.5371,1.7021,0.3473,0.3040,0.0000,0.0000,0.0000,0.6389,0.0000,1.8068,-0.2015,1.0822,0.9726,1372.7100,0.0000
1999-07-31,128.1307,43.8280,8.0081,24.6400,6.8531,5.5482,0.0000,4.3900,2.1562,1.0010,59.6039,-4.3784,2.3448,2.6720,1.8101,0.9100,0.3960,0.0000,0.0000,0.0000,0.7147,0.0000,1.8043,-0.2865,0.9651,0.9227,1328.7200,-0.0320
1999-08-31,126.0729,41.9307,7.2368,24.4500,7.3539,5.5482,0.0000,4.3900,2.2150,1.0010,58.4525,-4.2327,2.2003,2.3558,1.4540,0.8734,0.4832,0.0000,0.0000,0.0000,0.8258,0.0000,1.6798,-0.2145,0.9559,0.8418,1320.4100,-0.0381
1999-09-30,121.0925,41.3235,7.1156,25.4100,6.8700,5.5482,0.0000,4.3900,2.2871,1.0010,56.4287,-4.3422,1.9432,2.2229,1.3851,1.0194,0.3946,0.0000,0.0000,0.0000,0.9626,0.0000,1.5203,-0.2060,0.8385,0.8515,1282.7100,-0.0656
1999-10-31,129.2689,40.5529,6.4408,22.2000,4.6438,5.5482,0.0000,4.3900,2.2657,1.0010,58.1552,-3.7903,2.2458,2.0794,1.0827,0.5015,-0.0062,0.0000,0.0000,0.0000,0.9127,0.0000,1.4397,-0.0959,0.9498,0.8993,1362.9301,-0.0071
1999-11-30,132.8048,43.2083,5.9511,24.1800,6.2307,5.5482,0.0000,4.3900,2.1171,1.0010,60.7479,-4.0244,2.3375,2.3557,0.8642,0.8152,0.2795,0.0000,0.0000,0.0000,0.6108,0.0000,1.6576,-0.1526,1.0727,0.8021,1388.9100,0.0000
1999-12-31,138.5850,44.1979,6.1686,24.6400,6.7627,5.5482,0.0000,4.3900,1.9118,1.0010,63.1819,-4.1506,2.5086,2.4140,0.9518,0.8834,0.3744,0.0000,0.0000,0.0000,0.1987,0.0000,1.7657,-0.2338,1.0782,0.8362,1469.2500,0.0000
2000-01-31,134.0775,43.7726,5.7262,24.9500,7.4089,5.5482,0.0000,4.3900,1.6715,1.0010,61.7530,-4.1660,2.2678,2.3049,0.7549,0.9269,0.4897,0.0000,0.0000,0.0000,-0.2799,0.0000,1.6875,-0.2802,0.9913,0.7849,1394.4600,-0.0509
2000-02-29,136.4925,42.1856,5.5131,23.3700,8.4573,5.5482,0.0000,4.3900,1.7675,1.0010,62.3785,-3.8961,2.3091,2.0713,0.6585,0.6681,0.6774,0.0000,0.0000,0.0000,-0.0872,0.0000,1.6859,-0.2020,1.0616,0.9247,1366.4200,-0.0700
2000-03-31,142.4452,43.2207,6.3946,24.1100,8.3607,5.5482,0.0000,4.3900,2.1109,1.0010,64.6756,-4.0787,2.4784,2.1481,1.0353,0.7831,0.6562,0.0000,0.0000,0.0000,0.5951,0.0000,1.7609,-0.1748,1.0945,1.0647,1498.5800,0.0000
2000-04-30,135.6496,43.5286,7.4917,26.2000,9.9966,5.5482,0.0000,4.3900,2.4116,1.0010,63.0582,-4.4910,2.1651,2.1388,1.4959,1.1125,0.9493,0.0000,0.0000,0.0000,1.1877,0.0000,1.7511,-0.2030,0.9712,1.0083,1452.4301,-0.0308
2000-05-31,130.4007,41.9661,5.6688,23.6500,11.7269,5.5482,0.0000,4.3900,2.4600,1.0010,61.3645,-3.8594,1.9281,1.9238,0.7003,0.6959,1.2546,0.0000,0.0000,0.0000,1.2752,0.0000,1.7022,-0.0173,1.1675,0.8938,1420.6000,-0.0520
2000-06-30,132.7388,42.7820,5.8040,19.5400,11.6601,5.5482,0.0000,4.3900,2.3850,1.0010,62.3936,-3.3023,1.9810,1.9809,0.7548,0.0291,1.2310,0.0000,0.0000,0.0000,1.1170,0.0000,1.7310,0.0476,1.2723,1.1712,1454.6000,-0.0293
2000-07-31,130.0442,42.7581,5.3023,20.7400,11.1428,5.5482,0.0000,4.3900,2.2925,1.0010,61.3150,-3.4153,1.8489,1.9437,0.5336,0.2237,1.1272,0.0000,0.0000,0.0000,0.9253,0.0000,1.6399,0.0240,1.2028,1.1154,1430.8300,-0.0452
2000-08-31,139.6896,42.8696,6.1198,16.8400,9.5632,5.5482,0.0000,4.3900,2.4291,1.0010,64.0408,-2.9554,2.1649,1.9230,0.8852,-0.4117,0.8340,0.0000,0.0000,0.0000,1.1900,0.0000,1.6406,0.1024,1.2777,1.1822,1517.6801,0.0000
2000-09-30,131.6511,41.8980,6.4192,20.5700,10.3206,5.5482,0.0000,4.3900,2.5470,1.0010,61.2899,-3.5142,1.8383,1.7878,1.0088,0.1987,0.9656,0.0000,0.0000,0.0000,1.4156,0.0000,1.5305,0.0297,1.0747,1.0800,1436.5100,-0.0535
2000-10-31,128.9248,39.3697,5.5242,23.6300,9.9352,5.5482,0.0000,4.3900,2.5995,1.0010,59.4099,-3.8160,1.7140,1.4919,0.6145,0.6981,0.8896,0.0000,0.0000,0.0000,1.5100,0.0000,1.3652,0.0282,0.9631,0.9073,1429.4000,-0.0582
2000-11-30,115.9324,38.7821,6.0487,29.6500,7.5017,5.5482,0.0000,4.3900,2.5619,1.0010,54.0721,-4.7563,1.2300,1.4124,0.8393,1.6672,0.4429,0.0000,0.0000,0.0000,1.4247,0.0000,1.0285,-0.1545,0.5011,0.7713,1314.9500,-0.1336
2000-12-31,116.9185,37.2742,6.1935,26.8500,9.0165,5.5482,0.0000,4.3900,2.7825,1.0010,54.4031,-4.3455,1.2545,1.2366,0.8972,1.1986,0.7168,0.0000,0.0000,0.0000,1.8529,0.0000,1.0693,-0.0347,0.6248,0.5940,1320.2800,-0.1301
2001-01-31,120.4316,36.9789,6.4018,22.0200,7.6611,5.5482,0.0000,4.3900,2.7676,1.0010,55.0239,-3.6873,1.3681,1.1943,0.9819,0.4078,0.4660,0.0000,0.0000,0.0000,1.8106,0.0000,1.0094,0.0601,0.6997,0.6837,1366.0100,-0.0999
2001-02-28,109.6467,35.8347,7.4166,28.3500,7.8931,5.5482,0.0000,4.3900,2.7747,1.0010,51.1248,-4.7356,0.9717,1.0618,1.4126,1.4299,0.5065,0.0000,0.0000,0.0000,1.8124,0.0000,0.8467,-0.1472,0.2986,0.4625,1239.9399,-0.1830
2001-03-31,102.0392,32.3258,7.6513,28.6400,6.2723,5.5482,0.0000,4.3900,2.9586,1.0010,46.8791,-4.7843,0.6931,0.6765,1.4985,1.4614,0.2066,0.0000,0.0000,0.0000,2.1653,0.0000,0.5254,-0.1135,0.0714,0.2546,1160.3300,-0.2355
2001-04-30,109.4115,32.1739,7.7157,25.4800,4.7618,5.5482,0.0000,4.3900,2.9275,1.0010,48.7824,-4.3465,0.9539,0.6567,1.5095,0.9414,-0.0729,0.0000,0.0000,0.0000,2.0888,0.0000,0.5126,-0.0517,0.1555,0.1690,1249.4600,-0.1767
2001-05-31,110.8701,34.0746,7.9062,22.6400,2.3512,5.5482,0.0000,4.3900,2.6805,1.0010,49.0987,-4.0033,1.0000,0.8594,1.5733,0.4774,-0.5186,0.0000,0.0000,0.0000,1.5840,0.0000,0.4469,-0.0667,0.1405,0.1716,1255.8199,-0.1725
2001-06-30,108.1787,33.0685,8.6105,19.0600,0.6549,5.5482,0.0000,4.3900,2.6905,1.0010,47.3007,-3.5910,0.8971,0.7454,1.8492,-0.1061,-0.8299,0.0000,0.0000,0.0000,1.5934,0.0000,0.2709,-0.0214,0.0529,0.0763,1224.3800,-0.1933
2001-07-31,105.4914,32.1630,8.7241,21.6200,-0.4714,5.5482,0.0000,4.3900,2.7338,1.0010,45.7277,-3.9668,0.7953,0.6432,1.8693,0.3117,-1.0328,0.0000,0.0000,0.0000,1.6689,0.0000,0.1353,-0.0731,-0.1080,-0.1339,1211.2300,-0.2019
2001-08-31,99.0788,31.4043,8.7202,24.9200,-1.5633,5.5482,0.0000,4.3900,2.8774,1.0010,42.9733,-4.4171,0.5601,0.5576,1.8404,0.8485,-1.2261,0.0000,0.0000,0.0000,1.9432,0.0000,-0.0361,-0.1065,-0.2855,-0.2036,1133.5800,-0.2531
2001-09-30,90.5743,27.6674,10.8380,31.9300,-2.0940,5.5482,0.0000,4.3900,3.3007,1.0010,38.7159,-5.6606,0.2499,0.1460,2.6582,1.9681,-1.3130,0.0000,0.0000,0.0000,2.7715,0.0000,-0.3057,-0.2650,-0.7785,-0.4205,1040.9399,-0.3141
2001-10-31,92.0547,28.5774,9.7704,33.5600,-4.0168,5.5482,0.0000,4.3900,3.3426,1.0010,38.8718,-5.7350,0.3028,0.2456,2.1763,2.1907,-1.6496,0.0000,0.0000,0.0000,2.8369,0.0000,-0.3671,-0.2186,-0.7240,-0.7519,1059.7800,-0.3017
2001-11-30,99.5592,30.0051,10.3064,23.8400,-4.8320,5.5482,0.0000,4.3900,3.1667,1.0010,41.5774,-4.4481,0.5750,0.4021,2.3435,0.6263,-1.7758,0.0000,0.0000,0.0000,2.4690,0.0000,-0.2662,-0.0715,-0.4544,-0.5070,1139.4500,-0.2492
2001-12-31,100.6753,30.5000,9.8885,23.8000,-6.5898,5.5482,0.0000,4.3900,2.9610,1.0010,41.5285,-4.4121,0.6133,0.4553,2.1366,0.6171,-2.0622,0.0000,0.0000,0.0000,2.0444,0.0000,-0.3312,-0.1013,-0.4846,-0.6494,1148.0800,-0.2435
2002-01-31,99.3483,30.2772,9.6270,21.0900,-7.9242,5.5482,0.0000,4.3900,2.8338,1.0010,40.5671,-4.0058,0.5621,0.4289,2.0002,0.1794,-2.2587,0.0000,0.0000,0.0000,1.7787,0.0000,-0.4226,-0.0573,-0.4714,-0.5769,1130.2000,-0.2553
2002-02-28,97.1573,29.0857,9.0525,21.5900,-7.2352,5.5482,0.0000,4.3900,2.9789,1.0010,39.6693,-3.9744,0.4795,0.2949,1.7517,0.2594,-2.0985,0.0000,0.0000,0.0000,2.0558,0.0000,-0.4413,0.0064,-0.4248,-0.5360,1106.7300,-0.2708
2002-03-31,99.4455,30.2921,7.9031,17.4000,-7.3543,5.5482,0.0000,4.3900,2.8220,1.0010,40.7945,-3.2340,0.5617,0.4283,1.2927,-0.4190,-2.0835,0.0000,0.0000,0.0000,1.7310,0.0000,-0.3645,0.1225,-0.1831,-0.3853,1147.3900,-0.2440
2002-04-30,95.4874,29.0059,7.1277,21.9100,-8.2856,5.5482,0.0000,4.3900,2.8218,1.0010,38.7359,-3.7676,0.4137,0.2831,0.9850,0.3137,-2.2047,0.0000,0.0000,0.0000,1.7198,0.0000,-0.5026,0.0601,-0.3385,-0.3879,1076.9200,-0.2904
2002-05-31,93.8545,28.1281,7.7764,19.9800,-8.2187,5.5482,0.0000,4.3900,2.9232,1.0010,37.9213,-3.5701,0.3519,0.1837,1.2276,-0.0012,-2.1543,0.0000,0.0000,0.0000,1.9106,0.0000,-0.5395,0.0977,-0.3552,-0.3519,1067.1400,-0.2969
2002-06-30,85.6070,26.3877,7.5146,25.4000,-8.3582,5.5482,0.0000,4.3900,3.0235,1.0010,34.5455,-4.2926,0.0449,-0.0127,1.1181,0.8811,-2.1401,0.0000,0.0000,0.0000,2.0982,0.0000,-0.7026,0.0141,-0.5886,-0.4951,989.8200,-0.3478
2002-07-31,79.1093,23.4631,7.6685,32.0300,-8.2668,5.5482,0.0000,4.3900,3.2445,1.0010,31.4352,-5.2302,-0.1969,-0.3426,1.1693,1.9380,-2.0893,0.0000,0.0000,0.0000,2.5247,0.0000,-0.8763,-0.0832,-0.8724,-0.7192,911.6200,-0.3993
2002-08-31,79.5383,23.5887,7.4702,32.6400,-7.8591,5.5482,0.0000,4.3900,3.3245,1.0010,31.7559,-5.2775,-0.1803,-0.3272,1.0851,2.0055,-1.9902,0.0000,0.0000,0.0000,2.6683,0.0000,-0.8326,-0.0603,-0.8202,-0.8114,916.0700,-0.3964
2002-09-30,70.7582,22.3650,5.9647,39.6900,-8.3866,5.5482,0.0000,4.3900,3.5260,1.0010,28.2455,-6.0408,-0.5080,-0.4648,0.5001,3.0399,-2.0445,0.0000,0.0000,0.0000,3.0526,0.0000,-1.0058,-0.0696,-0.9523,-0.9551,815.2800,-0.4628
2002-10-31,76.2284,21.9562,7.0037,31.1400,-7.3405,5.5482,0.0000,4.3900,3.7965,1.0010,30.2814,-4.9292,-0.3012,-0.5095,0.8985,1.6805,-1.8479,0.0000,0.0000,0.0000,3.4647,0.0000,-0.8862,0.1265,-0.6919,-0.7647,885.7600,-0.4164
2002-11-30,80.2426,23.3484,6.4250,27.5000,-6.3675,5.5482,0.0000,4.3900,3.5735,1.0010,32.4078,-4.3584,-0.1493,-0.3491,0.6708,1.1059,-1.6703,0.0000,0.0000,0.0000,2.9426,0.0000,-0.7229,0.1666,-0.4824,-0.7117,936.3100,-0.3831
2002-12-31,75.5663,23.1014,5.8933,28.6200,-5.7252,5.5482,0.0000,4.3900,3.4162,1.0010,30.9809,-4.4649,-0.3252,-0.3761,0.4623,1.2703,-1.5504,0.0000,0.0000,0.0000,2.5833,0.0000,-0.7506,0.1215,-0.5324,-0.6884,879.8200,-0.4203
2003-01-31,73.4478,22.8983,6.4332,31.1700,-6.0349,5.5482,0.0000,4.3900,3.2990,1.0010,30.1037,-4.9230,-0.4041,-0.3981,0.6699,1.6481,-1.5835,0.0000,0.0000,0.0000,2.3200,0.0000,-0.7953,0.0003,-0.7044,-0.7697,855.7000,-0.4362
2003-02-28,71.9840,21.2141,6.2089,29.6300,-7.6339,5.5482,0.0000,4.3900,3.1542,1.0010,28.5214,-4.6917,-0.4582,-0.5899,0.5800,1.3977,-1.8165,0.0000,0.0000,0.0000,2.0229,0.0000,-0.9549,0.0065,-0.7890,-0.7867,841.1500,-0.4458
2003-03-31,72.1561,21.3097,6.3167,29.1500,-7.5073,5.5482,0.0000,4.3900,3.1419,1.0010,28.6528,-4.6403,-0.4501,-0.5766,0.6197,1.3131,-1.7743,0.0000,0.0000,0.0000,1.9716,0.0000,-0.9337,0.0055,-0.7755,-0.8247,848.1800,-0.4411
2003-04-30,77.8950,22.4279,7.8218,21.2100,-6.1186,5.5482,0.0000,4.3900,2.8943,1.0010,31.4015,-3.7564,-0.2300,-0.4457,1.2013,0.0915,-1.5392,0.0000,0.0000,0.0000,1.5104,0.0000,-0.7383,0.0311,-0.6153,-0.6821,916.9200,-0.3958
2003-05-31,82.5447,23.5911,7.7252,19.4700,-7.1221,5.5482,0.0000,4.3900,2.8090,1.0010,33.0046,-3.5062,-0.0517,-0.3098,1.1556,-0.1764,-1.6785,0.0000,0.0000,0.0000,1.3461,0.0000,-0.6800,0.0524,-0.5212,-0.7282,963.5900,-0.3651
2003-06-30,82.5202,24.8322,8.0088,19.5200,-6.6102,5.5482,0.0000,4.3900,2.8562,1.0010,33.5807,-3.5471,-0.0525,-0.1650,1.2571,-0.1682,-1.5820,0.0000,0.0000,0.0000,1.4182,0.0000,-0.5998,0.0470,-0.4792,-0.6834,974.5000,-0.3579
2003-07-31,84.5221,24.8673,7.7468,19.4900,-5.8323,5.5482,0.0000,4.3900,2.6409,1.0010,34.5190,-3.5362,0.0246,-0.1604,1.1471,-0.1723,-1.4477,0.0000,0.0000,0.0000,1.0274,0.0000,-0.5278,0.0075,-0.4470,-0.6898,990.3100,-0.3475
2003-08-31,86.6161,24.6423,7.9470,18.6300,-6.4197,5.5482,0.0000,4.3900,2.5667,1.0010,34.9462,-3.4525,0.1053,-0.1862,1.2165,-0.3052,-1.5244,0.0000,0.0000,0.0000,0.8902,0.0000,-0.5351,-0.0030,-0.4564,-0.5732,1008.0100,-0.3358
2003-09-30,83.1307,25.2437,6.8184,22.7200,-7.1020,5.5482,0.0000,4.3900,2.5157,1.0010,33.7575,-3.8828,-0.0297,-0.1153,0.7733,0.3317,-1.6134,0.0000,0.0000,0.0000,0.7954,0.0000,-0.5862,-0.0442,-0.5055,-0.6498,995.9700,-0.3438
2003-10-31,88.8003,25.6828,6.0765,16.1000,-8.0668,5.5482,0.0000,4.3900,2.4439,1.0010,35.4721,-2.8414,0.1901,-0.0635,0.4822,-0.7005,-1.7420,0.0000,0.0000,0.0000,0.6642,0.0000,-0.5385,0.1261,-0.2364,-0.4568,1050.7100,-0.3077
2003-11-30,89.3106,25.9468,5.5019,16.3200,-8.2397,5.5482,0.0000,4.3900,2.3563,1.0010,35.6725,-2.8033,0.2094,-0.0323,0.2568,-0.6634,-1.7483,0.0000,0.0000,0.0000,0.5054,0.0000,-0.5237,0.1303,-0.1960,-0.3862,1058.2000,-0.3028
2003-12-31,91.5164,26.6352,4.9588,18.3100,-7.6595,5.5482,0.0000,4.3900,2.3286,1.0010,36.8307,-3.0139,0.2948,0.0489,0.0438,-0.3502,-1.6427,0.0000,0.0000,0.0000,0.4542,0.0000,-0.4330,0.1086,-0.1379,-0.3686,1111.9200,-0.2674
2004-01-31,93.9393,27.6585,4.5102,16.6300,-7.5337,5.9581,0.0000,4.3900,2.2915,1.0010,38.0214,-2.7737,0.3885,0.1698,-0.1321,-0.6120,-1.6074,0.8153,0.0000,0.0000,0.3861,0.0000,-0.3497,0.0450,-0.1452,-0.2290,1131.1300,-0.2547
2004-02-29,94.5926,27.6509,4.8506,14.5500,-7.2135,3.9732,0.0000,4.3900,2.1811,1.0010,38.3433,-2.2574,0.4128,0.1684,0.0020,-0.9347,-1.5445,-3.1371,0.0000,0.0000,0.1863,0.0000,-0.3211,0.6080,0.5928,-0.2664,1144.9399,-0.2456
2004-03-31,92.6479,26.8865,4.8210,16.7400,-7.7258,3.8600,0.0000,4.3900,2.2878,1.0010,37.2696,-2.5346,0.3352,0.0771,-0.0096,-0.5875,-1.6056,-3.3451,0.0000,0.0000,0.3783,0.0000,-0.3978,0.6172,0.5391,0.4299,1126.2100,-0.2579
2004-04-30,90.7235,26.9006,5.1195,17.1900,-7.0550,3.5687,0.0000,4.3900,2.1114,1.0010,36.8563,-2.6251,0.2585,0.0786,0.1083,-0.5147,-1.4918,-3.9065,0.0000,0.0000,0.0582,0.0000,-0.3849,0.6244,0.5698,0.4253,1107.3000,-0.2704
2004-05-31,91.1802,25.9028,4.8027,15.5000,-6.0758,3.5189,0.0000,4.3900,2.0315,1.0010,37.0024,-2.3427,0.2758,-0.0409,-0.0175,-0.7786,-1.3355,-3.9845,0.0000,0.0000,-0.0869,0.0000,-0.3669,0.6705,0.6433,0.5282,1120.6801,-0.2616
2004-06-30,92.2202,26.4013,4.1215,14.3400,-5.8385,5.3304,0.0000,4.3900,2.0500,1.0010,37.5943,-2.3358,0.3161,0.0189,-0.2881,-0.9573,-1.2908,-0.3594,0.0000,0.0000,-0.0530,0.0000,-0.3186,0.2217,0.1149,0.6101,1140.8400,-0.2483
2004-07-31,88.4268,25.6959,4.0471,15.3200,-4.2139,4.5416,0.0000,4.3900,2.1243,1.0010,36.6363,-2.3419,0.1648,-0.0659,-0.3169,-0.7986,-1.0434,-1.9268,0.0000,0.0000,0.0826,0.0000,-0.3149,0.4464,0.3803,0.0189,1101.7200,-0.2741
2004-08-31,88.5120,25.1745,3.2392,15.2900,-2.5005,4.6987,0.0000,4.3900,2.1818,1.0010,37.0620,-2.2364,0.1677,-0.1286,-0.6380,-0.7998,-0.7854,-1.6040,0.0000,0.0000,0.1875,0.0000,-0.2488,0.4613,0.4416,0.2917,1104.2400,-0.2724
2004-09-30,88.4482,25.6684,4.8569,13.3400,-0.8177,4.4048,0.0000,4.3900,2.1429,1.0010,37.7663,-2.1525,0.1647,-0.0686,0.0108,-1.1027,-0.5332,-2.1801,0.0000,0.0000,0.1156,0.0000,-0.1457,0.4840,0.5066,0.4102,1114.5800,-0.2656
2004-10-31,90.3411,25.4117,5.2001,16.2700,1.2408,5.8966,0.0000,4.3900,2.1076,1.0010,38.9978,-2.8383,0.2399,-0.0995,0.1484,-0.6357,-0.2258,0.7993,0.0000,0.0000,0.0505,0.0000,-0.0284,-0.0374,-0.0764,0.3162,1130.2000,-0.2553
2004-11-30,94.1847,26.4653,5.1145,13.2400,1.7245,7.0006,0.0000,4.3900,2.0105,1.0010,40.7915,-2.5648,0.3932,0.0288,0.1136,-1.1104,-0.1531,2.9915,0.0000,0.0000,-0.1286,0.0000,0.0896,-0.3033,-0.3176,-0.1354,1173.8199,-0.2266
2004-12-31,94.9792,27.1448,6.0066,13.2900,3.8830,5.1057,0.0000,4.3900,1.9227,1.0010,42.0023,-2.4412,0.4239,0.1115,0.4727,-1.0961,0.1698,-0.7942,0.0000,0.0000,-0.2903,0.0000,0.2351,0.1610,0.3646,-0.4708,1211.9200,-0.2015
2005-01-31,93.3458,26.5873,5.0847,12.8200,5.3900,6.8826,0.0000,4.3900,1.7960,1.0010,41.7744,-2.5143,0.3569,0.0431,0.0990,-1.1635,0.3950,2.7454,0.0000,0.0000,-0.5239,0.0000,0.2650,-0.3150,-0.2003,0.1878,1181.2700,-0.2217
2005-02-28,94.4315,26.7449,4.7942,12.0800,6.9783,7.1816,0.0000,4.3900,1.6505,1.0010,42.7182,-2.4306,0.3996,0.0623,-0.0189,-1.2721,0.6318,3.3262,0.0000,0.0000,-0.7913,0.0000,0.3646,-0.4038,-0.2263,-0.3250,1203.6000,-0.2069
2005-03-31,91.0199,26.3391,4.7774,14.0200,9.6650,6.1554,0.0000,4.3900,1.5632,1.0010,42.3414,-2.5712,0.2606,0.0123,-0.0257,-0.9604,1.0313,1.2673,0.0000,0.0000,-0.9493,0.0000,0.4348,-0.1758,0.1097,-0.3906,1180.5900,-0.2221
2005-04-30,89.1919,25.4089,4.3330,15.3100,11.1538,4.7702,0.0000,4.3900,1.7081,1.0010,41.9182,-2.4734,0.1859,-0.1022,-0.2066,-0.7532,1.2475,-1.4956,0.0000,0.0000,-0.6768,0.0000,0.4437,0.2541,0.6406,-0.0017,1156.8500,-0.2378
2005-05-31,92.4390,25.6502,3.1185,13.2900,12.7987,5.0644,0.0000,4.3900,1.8619,1.0010,43.6293,-2.0314,0.3172,-0.0722,-0.7008,-1.0674,1.4829,-0.9025,0.0000,0.0000,-0.3888,0.0000,0.5760,0.3260,0.8191,0.6465,1191.5000,-0.2149
2005-06-30,91.6046,26.0684,4.0000,12.0400,11.9164,3.9129,0.0000,4.3900,1.8600,1.0010,43.1964,-1.8146,0.2824,-0.0203,-0.3387,-1.2571,1.3409,-3.1894,0.0000,0.0000,-0.3912,0.0000,0.5343,0.6277,1.1596,0.7439,1191.3300,-0.2150
2005-07-31,95.2403,26.2879,4.0946,11.5700,13.0543,5.2128,0.0000,4.3900,1.7750,1.0010,44.8608,-1.9588,0.4299,0.0070,-0.2991,-1.3222,1.4989,-0.5865,0.0000,0.0000,-0.5486,0.0000,0.6453,0.2370,0.7501,1.0053,1234.1801,-0.1868
2005-08-31,93.8275,26.1044,4.0060,12.6000,12.3992,4.8345,0.0000,4.3900,1.6996,1.0010,44.1103,-2.0500,0.3709,-0.0158,-0.3346,-1.1528,1.3908,-1.3365,0.0000,0.0000,-0.6876,0.0000,0.5820,0.3052,0.8077,0.5621,1220.3300,-0.1959
2005-09-30,94.6351,25.7301,3.9716,11.9200,13.5953,4.7615,0.0000,4.3900,1.8300,1.0010,44.6535,-1.9189,0.4029,-0.0624,-0.3478,-1.2520,1.5554,-1.4751,0.0000,0.0000,-0.4412,0.0000,0.6320,0.3762,0.9079,0.7258,1228.8101,-0.1903
2005-10-31,92.6346,24.8765,3.6260,15.3200,13.5014,3.5091,0.0000,4.3900,1.8338,1.0010,43.6708,-2.1758,0.3197,-0.1690,-0.4892,-0.7139,1.5287,-3.9601,0.0000,0.0000,-0.4328,0.0000,0.5598,0.6758,1.2477,0.7159,1207.0100,-0.2047
2005-11-30,95.0881,25.9318,3.8069,12.0600,13.9383,3.4689,0.0000,4.3900,1.8543,1.0010,44.9860,-1.7272,0.4197,-0.0363,-0.4131,-1.2203,1.5795,-4.0000,0.0000,0.0000,-0.3930,0.0000,0.6543,0.7486,1.3984,1.2488,1249.4800,-0.1767
2005-12-31,93.2789,26.4438,4.0062,12.0700,14.1144,4.5325,0.0000,4.3900,1.8538,1.0010,44.6124,-1.9091,0.3440,0.0281,-0.3295,-1.2114,1.5914,-1.8842,0.0000,0.0000,-0.3928,0.0000,0.6545,0.4332,0.9926,1.2659,1248.2900,-0.1775
2006-01-31,97.3192,26.4687,4.6356,12.9500,14.1348,2.6805,0.0000,4.3900,1.8210,1.0010,45.9742,-1.8649,0.5099,0.0311,-0.0675,-1.0673,1.5807,-4.0000,0.0000,0.0000,-0.4536,0.0000,0.7072,0.6687,1.3315,0.7803,1280.0800,-0.1566
2006-02-28,97.0427,26.2496,5.1175,12.3400,13.5957,4.4718,0.0000,4.3900,1.7011,1.0010,45.6293,-2.1196,0.4969,0.0034,0.1332,-1.1566,1.4901,-1.9688,0.0000,0.0000,-0.6789,0.0000,0.6635,0.3305,0.8774,1.1855,1280.6600,-0.1562
2006-03-31,96.5785,26.3278,4.9027,11.3900,13.0218,3.2350,0.0000,4.3900,1.6874,1.0010,45.3094,-1.7785,0.4762,0.0133,0.0433,-1.2974,1.3964,-4.0000,0.0000,0.0000,-0.7024,0.0000,0.6286,0.6502,1.2659,0.7862,1294.8700,-0.1468
2006-04-30,97.7796,26.1473,5.8198,11.5900,13.3740,4.2943,0.0000,4.3900,1.6900,1.0010,45.7670,-2.0890,0.5246,-0.0096,0.4264,-1.2581,1.4369,-2.2857,0.0000,0.0000,-0.6949,0.0000,0.6506,0.3461,0.8766,1.1512,1310.6100,-0.1364
2006-05-31,94.5217,25.6506,5.3130,16.4400,13.5368,4.1898,0.0000,4.3900,1.6355,1.0010,44.5697,-2.7023,0.3875,-0.0728,0.2130,-0.4971,1.4496,-2.4517,0.0000,0.0000,-0.7957,0.0000,0.5881,0.2772,0.7677,0.6087,1270.0900,-0.1631
2006-06-30,93.2216,24.7496,5.2813,13.0800,14.7107,4.2408,0.0000,4.3900,1.6732,1.0010,44.2273,-2.2197,0.3322,-0.1874,0.1992,-1.0192,1.6055,-2.3153,0.0000,0.0000,-0.7211,0.0000,0.5834,0.3449,0.8244,0.7426,1270.2000,-0.1631
2006-07-31,93.2130,24.6968,4.6767,14.9500,13.7664,3.3519,0.0000,4.3900,1.6745,1.0010,43.8921,-2.2733,0.3310,-0.1937,-0.0557,-0.7233,1.4585,-3.8900,0.0000,0.0000,-0.7161,0.0000,0.5319,0.5647,1.0893,0.6821,1276.6600,-0.1588
2006-08-31,94.7857,25.0514,5.3501,12.3100,15.7298,3.3633,0.0000,4.3900,1.7117,0.9326,45.1890,-1.9984,0.3960,-0.1478,0.2285,-1.1317,1.7242,-3.7294,0.0000,0.0000,-0.6427,-0.1361,0.6575,0.5505,1.1241,1.0070,1303.8199,-0.1409
2006-09-30,96.1869,25.6442,5.0748,11.9800,13.7043,3.1805,0.0000,4.3900,1.7110,0.8953,45.1785,-1.8913,0.4537,-0.0714,0.1116,-1.1769,1.4243,-3.9041,0.0000,0.0000,-0.6420,-0.2098,0.6022,0.5882,1.1504,0.9459,1335.8500,-0.1198
2006-10-31,100.0142,26.5380,5.2798,11.1000,14.7506,4.0951,0.0000,4.3900,1.6968,0.9105,47.1010,-1.9254,0.6132,0.0438,0.1982,-1.3065,1.5608,-2.2610,0.0000,0.0000,-0.6669,-0.1786,0.7393,0.3605,0.9595,0.9848,1377.9399,-0.0921
2006-11-30,102.1374,26.9280,5.9192,10.9100,14.2943,2.5881,0.0000,4.3900,1.6086,0.9260,47.7866,-1.7847,0.7004,0.0940,0.4690,-1.3276,1.4847,-4.0000,0.0000,0.0000,-0.8330,-0.1469,0.7597,0.5541,1.2286,0.7607,1400.6300,-0.0771
2006-12-31,100.8836,27.2827,6.0049,11.5600,13.2569,2.6292,0.0000,4.3900,1.6540,0.8463,47.1411,-1.9005,0.6453,0.1396,0.5041,-1.2190,1.3291,-4.0000,0.0000,0.0000,-0.7431,-0.3049,0.7046,0.5238,1.1445,1.0350,1418.3000,-0.0655
2007-01-31,104.2191,27.2075,5.9200,10.4200,13.1434,4.0781,0.0000,4.3900,1.5805,0.8972,48.1900,-1.9358,0.7836,0.1295,0.4665,-1.3874,1.3048,-2.0193,0.0000,0.0000,-0.8808,-0.2020,0.7393,0.2653,0.8580,1.0503,1438.2400,-0.0523
2007-02-28,101.3969,27.3152,5.6797,15.4200,14.1229,4.5336,0.0000,4.3900,1.5532,0.9259,47.6116,-2.6806,0.6618,0.1432,0.3627,-0.6069,1.4330,-1.2940,0.0000,0.0000,-0.9294,-0.1441,0.7460,0.0664,0.6255,0.6041,1406.8199,-0.0730
2007-03-31,100.9271,26.2276,6.3753,14.6400,13.6093,4.3336,0.0000,4.3900,1.7032,1.0101,46.9213,-2.6065,0.6398,0.0013,0.6589,-0.7260,1.3518,-1.5954,0.0000,0.0000,-0.6386,0.0242,0.6643,0.1497,0.6400,0.5912,1420.8600,-0.0638
2007-04-30,105.2696,26.9763,6.2644,14.2200,12.6399,4.1576,0.0000,4.3900,1.6990,0.9591,48.2953,-2.5134,0.8212,0.0990,0.6093,-0.7887,1.2086,-1.8521,0.0000,0.0000,-0.6446,-0.0774,0.7096,0.1871,0.7328,0.5419,1482.3700,-0.0233
2007-05-31,108.7548,27.5485,6.4859,13.0500,12.7493,2.9834,0.0000,4.3900,1.6391,0.9718,49.6842,-2.2169,0.9652,0.1736,0.7022,-0.9672,1.2171,-3.5648,0.0000,0.0000,-0.7575,-0.0517,0.7853,0.4315,1.1069,0.6491,1530.6200,0.0000
2007-06-30,105.5400,27.4183,6.1966,16.2300,12.9772,2.4477,0.0000,4.3900,1.5943,0.9693,48.6452,-2.5601,0.8253,0.1561,0.5759,-0.4690,1.2419,-4.0000,0.0000,0.0000,-0.8408,-0.0566,0.7411,0.4280,1.0851,0.8369,1503.3500,-0.0178
2007-07-31,102.1547,27.4101,6.1505,23.5200,13.6520,2.6544,0.0000,4.3900,1.6481,0.9891,47.7389,-3.6140,0.6790,0.1547,0.5544,0.6701,1.3282,-3.7535,0.0000,0.0000,-0.7342,-0.0169,0.7206,0.2540,0.8560,0.7993,1455.2700,-0.0492
2007-08-31,103.1044,26.1486,7.1362,23.3800,14.6919,2.5793,0.0000,4.3900,1.9774,1.0864,47.9816,-3.6631,0.7170,-0.0117,0.9758,0.6462,1.4633,-3.7284,0.0000,0.0000,-0.0969,0.1769,0.7229,0.3123,0.8634,0.8387,1473.9900,-0.0370
2007-09-30,105.2552,26.7257,6.5224,18.0000,18.5966,4.6977,0.0000,4.3900,2.0705,1.0167,50.1925,-3.1061,0.8058,0.0644,0.7084,-0.1978,1.9861,-0.8209,0.0000,0.0000,0.0835,0.0374,0.9521,0.0616,0.6725,0.9014,1526.7500,-0.0025
2007-10-31,108.0116,27.3206,6.1907,18.5300,17.3811,3.2552,0.0000,4.3900,1.9513,0.9533,50.9045,-2.9545,0.9198,0.1429,0.5633,-0.1142,1.8004,-2.7466,0.0000,0.0000,-0.1479,-0.0890,0.9544,0.2944,1.0044,0.5151,1549.3800,0.0000
2007-11-30,102.3611,25.7291,5.8923,22.8700,20.0821,2.6552,0.0000,4.3900,2.2433,1.0052,49.3908,-3.3970,0.6762,-0.0683,0.4329,0.5683,2.1459,-3.4544,0.0000,0.0000,0.4198,0.0147,0.9179,0.4125,1.0807,0.8023,1481.1400,-0.0440
2007-12-31,100.5088,25.9555,5.4664,22.5000,20.5194,2.3764,0.0000,4.3900,2.5480,0.9361,48.9946,-3.2098,0.5952,-0.0380,0.2476,0.5085,2.1777,-3.6965,0.0000,0.0000,1.0098,-0.1229,0.9116,0.5468,1.2034,1.0139,1468.3600,-0.0523
2008-01-31,94.0959,24.0223,6.3179,26.2000,21.1397,3.9890,0.0000,4.3900,2.7967,1.0286,46.4193,-4.0417,0.3198,-0.2952,0.6159,1.0883,2.2320,-1.6182,0.0000,0.0000,1.4845,0.0617,0.7522,0.2086,0.6047,1.0981,1378.5500,-0.1103
2008-02-29,91.4706,23.4953,6.7374,26.5400,19.8197,1.8710,0.0000,4.3900,3.0860,1.0011,44.9285,-3.8102,0.2067,-0.3647,0.7957,1.1364,2.0314,-4.0000,0.0000,0.0000,2.0246,0.0068,0.6244,0.5856,0.9460,0.5650,1330.6300,-0.1412
2008-03-31,90.9576,22.6068,6.4396,25.6100,21.2528,2.7779,0.0000,4.3900,3.3825,1.0069,44.9391,-3.7212,0.1842,-0.4824,0.6639,0.9852,2.1945,-2.9655,0.0000,0.0000,2.5548,0.0183,0.6321,0.5556,0.8674,0.9869,1322.7000,-0.1463
2008-04-30,94.6776,23.3560,6.4868,20.7900,20.5286,-0.3060,0.0000,4.3900,3.2923,0.9586,46.1874,-2.6186,0.3437,-0.3810,0.6823,0.2233,2.0744,-4.0000,0.0000,0.0000,2.3487,-0.0781,0.6790,0.7664,1.1796,0.8431,1385.5900,-0.1057
2008-05-31,97.0904,23.6964,6.6485,17.8300,19.7218,3.0865,0.0000,4.3900,3.0490,0.8881,46.8362,-2.7483,0.4467,-0.3344,0.7504,-0.2447,1.9480,-2.3189,0.0000,0.0000,1.8707,-0.2180,0.6867,0.4951,0.8678,1.0564,1400.3800,-0.0962
2008-06-30,88.2605,22.4168,5.6516,23.9500,18.9339,3.1913,0.0000,4.3900,2.9743,0.9549,43.2037,-3.4962,0.0647,-0.5054,0.3139,0.7237,1.8278,-2.1766,0.0000,0.0000,1.7155,-0.0841,0.4624,0.3958,0.6201,0.5374,1280.0000,-0.1739
2008-07-31,84.9221,20.9072,6.3492,22.9400,18.1770,5.5574,0.0000,4.3900,3.1518,1.0183,41.3354,-3.7552,-0.0799,-0.7067,0.6176,0.5618,1.7148,0.3989,0.0000,0.0000,2.0253,0.0426,0.3094,0.0700,0.0539,0.5908,1267.3800,-0.1820
2008-08-31,87.4602,21.4016,4.8609,20.6500,14.4857,4.2514,0.0000,4.3900,3.2629,0.9382,41.1158,-3.0245,0.0303,-0.6380,-0.0350,0.1972,1.2304,-1.0214,0.0000,0.0000,2.2038,-0.1172,0.2075,0.4208,0.4566,0.0701,1282.8300,-0.1720
2008-09-30,82.5978,20.3627,6.9897,39.3900,13.5187,36.1754,0.0000,4.3900,3.6257,1.0875,38.8264,-10.4931,-0.1809,-0.7758,0.8971,3.1105,1.1001,4.0000,0.0000,0.0000,2.8180,0.1807,0.0478,-0.7156,-1.1342,0.0075,1166.3600,-0.2472
2008-10-31,64.3806,16.3874,7.2095,59.8900,15.2514,122.9024,0.0000,4.3900,5.0543,1.2925,32.0065,-25.6093,-0.9715,-1.3061,0.9896,4.0000,1.3165,4.0000,0.0000,0.0000,4.0000,0.5882,-0.3204,-0.6288,-1.3999,-1.1410,968.7500,-0.3747
2008-11-30,59.7424,15.2597,7.4997,55.2800,12.1580,139.4901,0.0000,4.3900,5.6700,1.0917,29.0534,-27.3026,-1.1680,-1.4489,1.1119,4.0000,0.9137,4.0000,0.0000,0.0000,4.0000,0.1859,-0.5677,-0.7037,-1.6886,-1.4164,896.2400,-0.4215
2008-12-31,63.6947,15.3761,9.9782,40.0000,7.2335,142.8420,0.0000,4.3900,6.0136,1.0009,28.7681,-25.9165,-0.9917,-1.4242,2.1746,2.7310,0.2774,4.0000,0.0000,0.0000,4.0000,0.0042,-0.7128,-0.7002,-1.8345,-1.4481,903.2500,-0.4170
2009-01-31,56.5339,15.1747,10.2387,44.8400,6.8537,114.0574,0.0000,4.3900,5.6260,0.9640,26.1874,-22.5937,-1.2965,-1.4419,2.2589,3.3035,0.2278,4.0000,0.0000,0.0000,4.0000,-0.0694,-0.8369,-0.8045,-2.0613,-2.0072,825.8800,-0.4670
2009-02-28,51.0002,14.1222,9.2631,46.3500,4.9983,114.3725,0.0000,4.3900,5.2147,1.0195,23.3736,-22.7659,-1.5267,-1.5717,1.8208,3.4113,-0.0126,4.0000,0.0000,0.0000,4.0000,0.0415,-1.0370,-0.7415,-2.1014,-2.1531,735.0900,-0.5256
2009-03-31,56.9333,13.3237,8.7814,44.1400,2.0053,131.7267,0.0000,4.3900,5.6000,1.0246,24.0874,-24.8048,-1.2624,-1.6654,1.6017,3.0565,-0.4003,4.0000,0.0000,0.0000,4.0000,0.0515,-1.1094,-0.6581,-2.0224,-2.0999,797.8700,-0.4850
2009-04-30,61.6117,14.9819,9.0366,36.5000,0.0077,132.7035,0.0000,4.3900,5.4605,0.9765,25.5337,-23.9162,-1.0550,-1.4353,1.6974,2.0581,-0.6583,4.0000,0.0000,0.0000,4.0000,-0.0445,-1.0495,-0.5429,-1.8340,-1.9177,872.8100,-0.4367
2009-05-31,65.3353,15.9964,9.2972,28.9200,-1.7876,130.0875,0.0000,4.3900,4.7705,0.9763,26.5147,-22.5954,-0.8903,-1.2933,1.7930,1.0915,-0.8888,4.0000,0.0000,0.0000,3.1987,-0.0448,-1.0242,-0.5330,-1.7475,-1.9092,919.1400,-0.4068
2009-06-30,65.9476,16.3842,8.7279,26.3500,-4.5714,126.9006,0.0000,4.3900,3.7732,0.9415,25.9201,-21.8391,-0.8607,-1.2355,1.5404,0.7632,-1.2450,4.0000,0.0000,0.0000,1.9463,-0.1138,-1.1137,-0.6387,-1.8354,-2.0467,919.3200,-0.4067
2009-07-31,71.3627,16.6946,8.5809,25.9200,-8.5306,117.7762,0.0000,4.3900,3.5255,0.8983,26.5089,-20.4948,-0.6241,-1.1884,1.4686,0.7064,-1.7458,4.0000,0.0000,0.0000,1.6295,-0.1995,-1.1861,-0.6779,-1.8859,-2.0274,987.4800,-0.3627
2009-08-31,73.0478,18.0941,8.1621,26.0100,-10.2928,128.0157,0.0000,4.3900,2.9890,0.9040,26.9497,-21.9864,-0.5494,-0.9990,1.2846,0.7157,-1.9548,4.0000,0.0000,0.0000,0.9685,-0.1872,-1.1677,-0.7456,-1.8848,-2.0670,1020.6200,-0.3413
2009-09-30,75.0378,18.8319,6.2332,25.6100,-15.1284,42.3561,0.0000,4.3900,2.9110,0.9158,26.2471,-9.4261,-0.4617,-0.8979,0.4690,0.6629,-2.5390,1.2416,0.0000,0.0000,0.8697,-0.1630,-1.2995,-0.2381,-1.2601,-2.0245,1057.0800,-0.3177
2009-10-31,74.0594,19.3580,6.4083,30.6900,-17.8137,9.7736,0.0000,4.3900,2.9068,0.9418,25.2013,-5.5191,-0.5031,-0.8254,0.5416,1.3026,-2.8286,-0.0427,0.0000,0.0000,0.8616,-0.1106,-1.3857,-0.1501,-1.1867,-1.4941,1036.1899,-0.3312
2009-11-30,77.5579,19.8128,5.1936,24.5100,-18.3493,4.7596,0.0000,4.3900,2.9170,0.9255,26.3405,-3.7472,-0.3497,-0.7626,0.0271,0.5155,-2.8428,-0.2402,0.0000,0.0000,0.8711,-0.1427,-1.3184,0.0609,-0.8549,-1.1806,1095.6300,-0.2929
2009-12-31,78.4966,20.3224,3.2220,21.6800,-18.2728,-0.2407,0.0000,4.3900,2.7777,0.8756,26.8487,-2.3740,-0.3080,-0.6930,-0.8069,0.1549,-2.7836,-0.4371,0.0000,0.0000,0.6981,-0.2415,-1.2615,0.2208,-0.5687,-0.9456,1115.1000,-0.2803
2010-01-31,76.4756,20.5279,2.2110,24.6200,-20.0871,16.5952,0.0000,4.3900,2.5147,0.9024,25.6388,-5.0884,-0.3956,-0.6638,-1.2301,0.5286,-2.9469,0.2298,0.0000,0.0000,0.3742,-0.1872,-1.3354,0.0941,-0.7270,-0.7664,1073.8700,-0.3069
2010-02-28,78.6569,19.9205,2.6394,19.5000,-20.1251,19.3105,0.0000,4.3900,2.6505,0.9473,26.1508,-4.7803,-0.2992,-0.7423,-1.0441,-0.1253,-2.8962,0.3369,0.0000,0.0000,0.5399,-0.0970,-1.3126,0.1822,-0.6290,-0.6862,1104.4900,-0.2871
2010-03-31,82.3020,21.0046,1.7680,17.5900,-19.4361,10.9774,0.0000,4.3900,2.5474,0.8755,27.9568,-3.2175,-0.1388,-0.5963,-1.4054,-0.3690,-2.7663,0.0054,0.0000,0.0000,0.4119,-0.2396,-1.1671,0.2773,-0.3823,-0.6940,1169.4301,-0.2452
2010-04-30,85.3214,21.8048,1.9955,22.0500,-19.0701,12.7623,0.0000,4.3900,2.4062,0.8741,29.3521,-4.1625,-0.0059,-0.4885,-1.3021,0.2025,-2.6795,0.0764,0.0000,0.0000,0.2371,-0.2414,-1.0579,0.1456,-0.4486,-0.5878,1186.6899,-0.2341
2010-05-31,77.3628,20.4801,1.8469,32.0700,-18.4277,12.2073,0.0000,4.3900,2.6310,1.0179,26.4717,-5.4407,-0.3562,-0.6635,-1.3574,1.4805,-2.5665,0.0541,0.0000,0.0000,0.5138,0.0460,-1.1954,0.0547,-0.6689,-0.7010,1089.4100,-0.2969
2010-06-30,71.8408,19.7420,2.2584,34.5400,-16.3999,16.2156,0.0000,4.3900,3.0264,0.9546,25.0610,-6.3776,-0.5986,-0.7598,-1.1782,1.7825,-2.3062,0.2141,0.0000,0.0000,0.9995,-0.0804,-1.2215,0.0144,-0.8030,-0.7461,1030.7100,-0.3348
2010-07-31,77.4893,19.6687,2.0323,23.5000,-14.1423,16.2331,0.0000,4.3900,2.9995,0.8820,27.6719,-4.7848,-0.3479,-0.7673,-1.2671,0.3727,-2.0303,0.2143,0.0000,0.0000,0.9627,-0.2246,-1.0485,0.2026,-0.4662,-0.6127,1101.6000,-0.2890
2010-08-31,73.4203,19.7703,2.8041,26.0500,-12.5945,10.8975,0.0000,4.3900,2.9641,0.8725,26.8654,-4.5036,-0.5270,-0.7514,-0.9386,0.6967,-1.8405,0.0000,0.0000,0.0000,0.9155,-0.2427,-1.0396,0.1307,-0.5705,-0.5778,1049.3300,-0.3227
2010-09-30,79.1359,20.3814,3.1191,23.7000,-10.3998,7.3643,0.0000,4.3900,3.0105,0.8806,29.7058,-3.7003,-0.2727,-0.6676,-0.8034,0.3951,-1.5840,-0.1419,0.0000,0.0000,0.9694,-0.2257,-0.8415,0.1848,-0.3730,-0.5963,1141.2000,-0.2634
2010-10-31,82.7988,21.2401,3.3121,21.2000,-8.8635,6.1926,0.0000,4.3900,3.1771,0.8673,31.7252,-3.1815,-0.1097,-0.5511,-0.7199,0.0746,-1.4045,-0.1888,0.0000,0.0000,1.1705,-0.2513,-0.6884,0.2505,-0.2025,-0.4140,1183.2600,-0.2363
2010-11-30,83.0711,21.7007,3.2969,23.5400,-7.7988,6.3291,0.0000,4.3900,3.1648,0.9013,32.3243,-3.5300,-0.0974,-0.4881,-0.7242,0.3742,-1.2794,-0.1829,0.0000,0.0000,1.1501,-0.1826,-0.6216,0.2143,-0.1933,-0.3731,1180.5500,-0.2381
2010-12-31,86.6779,22.3964,4.1175,17.7500,-5.0936,8.3481,0.0000,4.3900,2.8055,0.8455,34.6602,-3.1678,0.0635,-0.3936,-0.3769,-0.3697,-0.9748,-0.1010,0.0000,0.0000,0.7035,-0.2931,-0.4350,0.1797,-0.1077,-0.2750,1257.6400,-0.1883
2011-01-31,89.0189,22.9783,4.3324,19.5300,-3.2142,8.7517,0.0000,4.3900,2.6940,0.8783,36.2610,-3.5217,0.1678,-0.3146,-0.2853,-0.1401,-0.7634,-0.0845,0.0000,0.0000,0.5641,-0.2266,-0.3034,0.1211,-0.0775,-0.2649,1286.1200,-0.1699
2011-02-28,92.3585,23.4898,4.5465,18.3500,-1.5204,10.8084,0.0000,4.3900,2.5716,0.9078,38.1093,-3.6908,0.3168,-0.2450,-0.1943,-0.2918,-0.5733,-0.0009,0.0000,0.0000,0.4114,-0.1670,-0.1672,0.1045,0.0054,-0.1786,1327.2200,-0.1434
2011-03-31,91.3461,22.8993,5.0919,17.7400,-0.1902,13.6694,0.0000,4.3900,2.6204,0.9439,38.0184,-4.0781,0.2708,-0.3242,0.0372,-0.3699,-0.4240,0.1153,0.0000,0.0000,0.4710,-0.0944,-0.1591,0.0848,-0.0375,-0.0726,1325.8300,-0.1443
2011-04-30,94.5941,23.1439,5.8707,14.7500,1.0687,15.4695,0.0000,4.3900,2.5680,0.8492,39.6023,-4.0404,0.4159,-0.2905,0.3677,-0.7549,-0.2829,0.1883,0.0000,0.0000,0.4049,-0.2828,-0.0525,0.0459,-0.0342,-0.0925,1363.6100,-0.1199
2011-05-31,93.1246,23.0595,5.1218,15.4500,2.8378,18.8923,0.0000,4.3900,2.6129,0.8927,39.6740,-4.5098,0.3490,-0.3013,0.0486,-0.6624,-0.0848,0.3275,0.0000,0.0000,0.4597,-0.1951,-0.0124,0.0787,0.0414,-0.0791,1345.2000,-0.1318
2011-06-30,89.9194,22.1008,6.6594,16.5200,4.2835,22.9272,0.0000,4.3900,2.7491,0.9376,38.7679,-5.4329,0.2041,-0.4307,0.7029,-0.5223,0.0771,0.4914,0.0000,0.0000,0.6281,-0.1048,-0.0498,-0.0213,-0.1644,-0.0211,1320.6400,-0.1476
2011-07-31,88.4416,22.6110,7.9768,25.2500,5.1165,23.1488,0.0000,4.3900,2.7565,0.9450,38.7230,-6.8977,0.1371,-0.3605,1.2597,0.6104,0.1703,0.4994,0.0000,0.0000,0.6357,-0.0898,-0.0177,-0.2605,-0.4541,-0.3708,1292.2800,-0.1659
2011-08-31,82.4290,20.0499,9.9448,31.6200,7.0506,23.9745,0.0000,4.3900,3.0587,1.0849,36.5098,-8.1437,-0.1348,-0.7077,2.0789,1.4309,0.3871,0.5320,0.0000,0.0000,1.0098,0.1893,-0.1518,-0.4061,-0.8042,-0.5284,1218.8900,-0.2133
2011-09-30,75.5519,19.6981,9.8479,42.9600,7.1855,24.0237,0.0000,4.3900,3.2952,1.0138,34.1452,-9.7332,-0.4456,-0.7535,2.0187,2.8539,0.4014,0.5328,0.0000,0.0000,1.2991,0.0469,-0.2659,-0.5799,-1.1175,-1.0128,1131.4200,-0.2698
2011-10-31,84.4446,20.1558,9.4817,29.9600,8.0222,23.9738,0.0000,4.3900,3.2243,0.9751,37.5409,-7.8323,-0.0418,-0.6891,1.8492,1.1834,0.4947,0.5295,0.0000,0.0000,1.2051,-0.0304,-0.0787,-0.3411,-0.6857,-0.8265,1253.3000,-0.1911
2011-11-30,83.8762,20.3452,9.5013,27.8000,8.9346,19.9118,0.0000,4.3900,3.1252,0.9582,37.7187,-6.9628,-0.0675,-0.6615,1.8425,0.9040,0.5963,0.3614,0.0000,0.0000,1.0772,-0.0639,-0.0442,-0.2992,-0.6083,-0.7280,1246.9600,-0.1952
2011-12-31,82.9652,20.5236,9.4718,23.4000,9.6577,20.8845,0.0000,4.3900,3.2724,0.8771,37.7155,-6.4595,-0.1088,-0.6355,1.8158,0.3399,0.6763,0.4007,0.0000,0.0000,1.2549,-0.2252,-0.0227,-0.2181,-0.5211,-0.6237,1257.6000,-0.1883
2012-01-31,87.3914,21.2130,10.0530,19.4400,10.5665,19.4808,0.0000,4.3900,3.2620,0.8619,39.7236,-5.7800,0.0931,-0.5398,2.0384,-0.1676,0.7770,0.3420,0.0000,0.0000,1.2362,-0.2547,0.1101,-0.1759,-0.3852,-0.5303,1312.4100,-0.1529
2012-02-29,90.6442,21.7974,9.6789,18.4300,11.9253,14.9542,0.0000,4.3900,3.1745,0.8475,41.4556,-4.9502,0.2414,-0.4586,1.8683,-0.2968,0.9279,0.1544,0.0000,0.0000,1.1227,-0.2825,0.2369,-0.1265,-0.2169,-0.4811,1365.6801,-0.1186
2012-03-31,92.3580,22.0539,9.7303,15.5000,12.1047,9.7469,0.0000,4.3900,3.0605,0.7977,42.1722,-3.8184,0.3193,-0.4225,1.8741,-0.6721,0.9450,-0.0614,0.0000,0.0000,0.9774,-0.3808,0.2806,-0.0777,-0.1204,-0.3090,1408.4700,-0.0909
2012-04-30,91.5589,21.7792,9.2068,17.1500,12.5914,6.5246,0.0000,4.3900,3.1415,0.8712,41.9765,-3.4970,0.2821,-0.4593,1.6484,-0.4586,0.9966,-0.1949,0.0000,0.0000,1.0741,-0.2329,0.2731,-0.0220,-0.0468,-0.2113,1397.9100,-0.0978
2012-05-31,85.4447,20.9415,9.0439,24.0600,11.9126,1.9339,0.0000,4.3900,3.2655,0.9051,39.4329,-3.7825,0.0010,-0.5733,1.5720,0.4319,0.9166,-0.3851,0.0000,0.0000,1.2228,-0.1645,0.1148,-0.0801,-0.2332,-0.2275,1310.3300,-0.1543
2012-06-30,87.9046,20.5475,8.3613,17.0800,13.2843,-0.0595,0.0000,4.3900,3.3981,0.8815,40.5788,-2.3875,0.1141,-0.6261,1.2876,-0.4688,1.0681,-0.4672,0.0000,0.0000,1.3805,-0.2109,0.1854,0.1169,0.0476,-0.1127,1362.1600,-0.1208
2012-07-31,88.3915,20.9993,6.1904,18.9300,13.2018,-0.5873,0.0000,4.3900,3.3452,0.8719,40.8642,-2.2751,0.1363,-0.5624,0.4028,-0.2291,1.0548,-0.4882,0.0000,0.0000,1.3086,-0.2293,0.2096,0.1991,0.2221,-0.0343,1379.3199,-0.1098
2012-08-31,90.6887,21.4104,6.3159,17.4700,12.3263,-1.4395,0.0000,4.3900,3.2291,0.8148,41.4751,-1.9875,0.2420,-0.5045,0.4531,-0.4174,0.9523,-0.5226,0.0000,0.0000,1.1599,-0.3424,0.2299,0.1863,0.2311,0.1254,1406.5800,-0.0922
2012-09-30,92.3621,21.7837,6.8545,15.7300,13.3596,-1.6298,0.0000,4.3900,3.1184,0.8647,42.5018,-1.7974,0.3189,-0.4519,0.6713,-0.6416,1.0655,-0.5294,0.0000,0.0000,1.0191,-0.2417,0.3108,0.1824,0.2839,0.1592,1440.6700,-0.0702
2012-10-31,90.8168,21.5771,7.2639,18.6000,12.6868,0.0391,0.0000,4.3900,2.8490,0.9091,41.6936,-2.5364,0.2468,-0.4795,0.8361,-0.2683,0.9858,-0.4585,0.0000,0.0000,0.6837,-0.1524,0.2510,0.0603,0.1122,0.0981,1412.1600,-0.0886
2012-11-30,90.9442,20.8982,7.2101,15.8700,12.1348,1.3193,0.0000,4.3900,2.8548,0.9076,41.3257,-2.3210,0.2522,-0.5724,0.8118,-0.6220,0.9202,-0.4040,0.0000,0.0000,0.6891,-0.1548,0.2000,0.1069,0.1289,0.0864,1416.1801,-0.0860
2012-12-31,91.0648,21.2383,8.0271,18.0200,13.3270,-0.6423,0.0000,4.3900,2.9085,0.9462,41.8767,-2.4514,0.2573,-0.5240,1.1415,-0.3413,1.0515,-0.4853,0.0000,0.0000,0.7537,-0.0773,0.2616,0.0516,0.0876,0.0650,1426.1899,-0.0795
2013-01-31,96.7996,21.9005,7.4320,14.2800,10.9710,2.8635,0.0000,4.3900,2.8195,0.8578,43.2237,-2.3583,0.5233,-0.4309,0.8953,-0.8268,0.7823,-0.3372,0.0000,0.0000,0.6416,-0.2533,0.2916,0.0939,0.1895,0.0531,1498.1100,-0.0331
2013-02-28,97.3794,22.0527,6.8688,15.5100,10.6428,5.6355,0.0000,4.3900,2.8626,0.9171,43.3583,-2.8349,0.5492,-0.4089,0.6633,-0.6646,0.7431,-0.2200,0.0000,0.0000,0.6934,-0.1342,0.2944,0.1115,0.2312,0.0859,1514.6801,-0.0224
2013-03-31,99.2788,22.4192,7.2527,12.7000,11.0833,11.2614,0.0000,4.3900,2.8970,0.8700,44.2604,-3.2939,0.6363,-0.3571,0.8181,-1.0280,0.7908,0.0174,0.0000,0.0000,0.7342,-0.2276,0.3567,0.0999,0.2439,0.1723,1569.1899,0.0000
2013-04-30,101.4208,22.5957,7.0635,13.5200,9.9214,15.7711,0.0000,4.3900,2.8318,0.9140,44.6460,-4.0313,0.7345,-0.3318,0.7386,-0.9180,0.6573,0.2077,0.0000,0.0000,0.6515,-0.1391,0.3533,0.0692,0.2266,0.1500,1597.5699,0.0000
2013-05-31,103.4328,23.4118,7.0493,16.3000,9.1486,19.0834,0.0000,4.3900,2.7977,0.8798,45.3311,-4.9093,0.8263,-0.2172,0.7309,-0.5535,0.5681,0.3473,0.0000,0.0000,0.6076,-0.2069,0.3924,-0.0177,0.1622,0.0653,1630.7400,0.0000
2013-06-30,101.4080,22.9253,6.7869,16.8600,8.8964,21.4812,0.0000,4.3900,2.8900,0.9427,44.4099,-5.2722,0.7296,-0.2848,0.6217,-0.4792,0.5382,0.4481,0.0000,0.0000,0.7208,-0.0808,0.3276,0.0071,0.1456,0.0943,1606.2800,-0.0150
2013-07-31,107.5389,23.4925,6.7478,13.4500,8.1208,25.2771,0.0000,4.3900,2.7405,0.8845,46.3840,-5.3514,1.0133,-0.2049,0.6042,-0.9230,0.4489,0.6078,0.0000,0.0000,0.5330,-0.1966,0.4191,0.0068,0.2287,0.0999,1685.7300,0.0000
2013-08-31,103.7035,23.3566,6.6069,17.0100,7.5008,29.5666,0.0000,4.3900,2.6873,0.8972,44.8537,-6.4584,0.8313,-0.2236,0.5451,-0.4556,0.3774,0.7880,0.0000,0.0000,0.4655,-0.1706,0.3284,-0.0832,0.0622,0.0961,1632.9700,-0.0313
2013-09-30,105.5071,23.4423,6.1786,16.6000,6.6968,33.1458,0.0000,4.3900,2.6560,0.9132,45.2154,-6.8522,0.9130,-0.2111,0.3680,-0.5083,0.2850,0.9373,0.0000,0.0000,0.4255,-0.1380,0.3289,-0.0728,0.0938,0.0039,1681.5500,-0.0025
2013-10-31,110.6158,23.8347,6.6041,13.7500,6.7835,36.1392,0.0000,4.3900,2.6917,0.9350,47.0780,-6.9252,1.1480,-0.1555,0.5423,-0.8801,0.2944,1.0609,0.0000,0.0000,0.4694,-0.0941,0.4290,-0.0497,0.1881,0.1189,1756.5400,0.0000
2013-11-30,113.2482,24.6421,6.1089,13.7000,8.1245,37.6842,0.0000,4.3900,2.6665,0.8735,48.6716,-7.0805,1.2658,-0.0413,0.3373,-0.8840,0.4472,1.1223,0.0000,0.0000,0.4368,-0.2164,0.5572,-0.0507,0.2878,0.0939,1805.8101,0.0000
2013-12-31,114.3809,24.8619,4.8144,13.7200,6.3676,38.7052,0.0000,4.3900,2.4824,0.9300,48.5368,-7.0624,1.3128,-0.0102,-0.1977,-0.8788,0.2451,1.1612,0.0000,0.0000,0.2050,-0.1030,0.5159,0.0025,0.3818,0.1944,1848.3600,0.0000
2014-01-31,112.0499,24.8596,6.0842,18.4100,7.0437,36.3424,0.0000,4.3900,2.3348,0.9217,47.9844,-7.5986,1.1989,-0.0105,0.3276,-0.2615,0.3222,1.0570,0.0000,0.0000,0.0192,-0.1192,0.5036,-0.1747,0.1408,0.1733,1782.5900,-0.0356
2014-02-28,116.1083,24.5909,6.5629,14.0000,9.1592,34.6008,0.0000,4.3900,2.3900,0.9363,49.9528,-6.7782,1.3818,-0.0486,0.5251,-0.8400,0.5646,0.9798,0.0000,0.0000,0.0887,-0.0897,0.6326,-0.0951,0.3066,0.1965,1859.4500,0.0000
2014-03-31,115.2397,24.9560,5.4282,13.8800,8.5111,31.9998,0.0000,4.3900,2.3410,0.9187,49.5690,-6.2369,1.3351,0.0034,0.0538,-0.8534,0.4889,0.8668,0.0000,0.0000,0.0267,-0.1244,0.6091,-0.0236,0.4084,0.2628,1872.3400,0.0000
2014-04-30,116.4906,24.7863,6.5189,13.4100,9.5147,29.5085,0.0000,4.3900,2.1990,0.9349,50.2639,-5.9876,1.3867,-0.0208,0.5064,-0.9126,0.6034,0.7589,0.0000,0.0000,-0.1526,-0.0919,0.6564,-0.0853,0.3528,0.3558,1883.9500,0.0000
2014-05-31,118.3047,24.9433,6.6486,11.4000,10.3820,27.6954,0.0000,4.3900,2.2038,0.8761,51.2100,-5.4677,1.4635,0.0016,0.5592,-1.1731,0.7019,0.6802,0.0000,0.0000,-0.1463,-0.2088,0.7223,-0.0602,0.4196,0.3183,1923.5699,0.0000
2014-06-30,118.6671,25.5580,6.1964,11.5700,10.3905,25.5752,0.0000,4.3900,2.2000,0.8676,51.5385,-5.1263,1.4726,0.0894,0.3700,-1.1463,0.7012,0.5886,0.0000,0.0000,-0.1509,-0.2249,0.7544,-0.0269,0.4972,0.3680,1960.2300,0.0000
2014-07-31,116.4747,25.8175,6.6257,16.9500,10.5481,23.3731,0.0000,4.3900,2.1923,0.9071,50.9468,-5.6371,1.3646,0.1263,0.5481,-0.4368,0.7176,0.4938,0.0000,0.0000,-0.1604,-0.1455,0.7362,-0.1301,0.3580,0.3242,1930.6700,-0.0151
2014-08-31,121.4005,25.6176,6.3084,12.0900,11.7264,21.1082,0.0000,4.3900,2.2705,0.8991,52.9148,-4.5639,1.5834,0.0975,0.4147,-1.0741,0.8517,0.3964,0.0000,0.0000,-0.0608,-0.1609,0.8442,0.0059,0.5965,0.3896,2003.3700,0.0000
2014-09-30,116.4547,25.9184,5.6615,16.3100,12.3312,19.4169,0.0000,4.3900,2.2681,0.8881,51.5681,-4.8346,1.3489,0.1405,0.1436,-0.5165,0.9191,0.3235,0.0000,0.0000,-0.0637,-0.1824,0.8028,-0.0281,0.5363,0.4553,1972.2900,-0.0155
2014-10-31,119.8796,25.1627,5.6694,14.0300,11.7314,16.7393,0.0000,4.3900,2.3826,0.9623,52.2579,-4.1005,1.4989,0.0317,0.1467,-0.8153,0.8472,0.2086,0.0000,0.0000,0.0825,-0.0339,0.7926,0.0727,0.6506,0.5798,2018.0500,0.0000
2014-11-30,121.8035,26.6068,5.7381,13.3300,12.5050,14.2657,0.0000,4.3900,2.4568,0.8434,53.6385,-3.6634,1.5784,0.2394,0.1753,-0.9051,0.9341,0.1024,0.0000,0.0000,0.1771,-0.2708,0.9173,0.0763,0.7325,0.5937,2067.5601,0.0000
2014-12-31,120.7380,26.7941,5.9417,19.2000,11.9797,11.7809,0.0000,4.3900,2.5305,0.8886,53.1706,-4.1591,1.5214,0.2660,0.2604,-0.1293,0.8707,-0.0043,0.0000,0.0000,0.2710,-0.1798,0.8860,-0.0051,0.6147,0.5633,2058.8999,-0.0042
2015-01-31,116.9459,26.4923,5.8384,20.9700,12.7143,9.7005,0.0000,4.3900,2.5730,0.9430,52.0508,-4.0861,1.3417,0.2220,0.2166,0.1048,0.9530,-0.0936,0.0000,0.0000,0.3250,-0.0709,0.8389,0.0038,0.5877,0.4962,1994.9900,-0.0351
2015-02-28,124.1349,26.9955,6.3218,13.3400,11.4325,7.8547,0.0000,4.3900,2.5316,0.8519,54.1876,-2.8204,1.6604,0.2943,0.4197,-0.9040,0.8021,-0.1728,0.0000,0.0000,0.2713,-0.2522,0.9190,0.0966,0.7521,0.6605,2104.5000,0.0000
2015-03-31,122.0371,26.7286,5.8107,15.2900,12.4400,6.0003,0.0000,4.3900,2.4964,0.8593,53.7353,-2.7651,1.5562,0.2552,0.2035,-0.6440,0.9164,-0.2523,0.0000,0.0000,0.2256,-0.2366,0.9093,0.0974,0.7553,0.6566,2067.8899,-0.0174
2015-04-30,121.4960,26.7914,5.6433,14.5500,11.9342,4.0840,0.0000,4.3900,2.5476,0.8425,53.4072,-2.3567,1.5235,0.2639,0.1325,-0.7404,0.8553,-0.3345,0.0000,0.0000,0.2912,-0.2693,0.8809,0.1378,0.7834,0.7136,2085.5100,-0.0090
2015-05-31,123.2830,26.8061,5.6340,13.8400,12.1529,3.2694,0.0000,4.3900,2.6910,0.8546,54.0806,-2.1154,1.5956,0.2656,0.1283,-0.8324,0.8783,-0.3691,0.0000,0.0000,0.4754,-0.2445,0.9132,0.1863,0.8559,0.7829,2107.3899,0.0000
2015-06-30,119.9142,26.4959,5.4430,18.2300,11.9501,2.9006,0.0000,4.3900,2.7618,0.8968,52.7867,-2.6464,1.4361,0.2200,0.0472,-0.2487,0.8524,-0.3844,0.0000,0.0000,0.5657,-0.1595,0.8362,0.1417,0.7489,0.7387,2063.1101,-0.0210
2015-07-31,121.0753,26.3811,5.2693,12.1200,11.0779,1.7892,0.0000,4.3900,2.8773,0.8852,52.8448,-1.5751,1.4811,0.2029,-0.0266,-1.0583,0.7491,-0.4318,0.0000,0.0000,0.7134,-0.1821,0.8111,0.2926,0.9049,0.8520,2103.8401,-0.0017
2015-08-31,113.7671,25.6937,5.6583,28.4300,11.5938,1.3904,0.0000,4.3900,3.0210,0.9643,50.3515,-3.8719,1.1471,0.1023,0.1388,1.1080,0.8071,-0.4483,0.0000,0.0000,0.8970,-0.0240,0.6855,0.0106,0.4635,0.5763,1972.1801,-0.0642
2015-09-30,109.6056,24.4968,5.5491,24.5000,11.0884,0.7607,0.0000,4.3900,3.1681,0.9857,48.3969,-3.1809,0.9566,-0.0727,0.0921,0.5840,0.7464,-0.4747,0.0000,0.0000,1.0839,0.0189,0.5434,0.1288,0.4825,0.5586,1920.0300,-0.0889
2015-10-31,116.8766,25.4914,5.3843,15.0700,11.2745,0.0576,0.0000,4.3900,3.2709,0.8580,51.2142,-1.7133,1.2793,0.0730,0.0217,-0.6700,0.7662,-0.5044,0.0000,0.0000,1.2123,-0.2358,0.7062,0.3042,0.7993,0.6621,2079.3601,-0.0133
2015-11-30,117.7975,26.2259,5.5688,16.1300,10.3678,-0.1971,0.0000,4.3900,3.1940,0.8626,51.4637,-1.8650,1.3152,0.1805,0.1004,-0.5277,0.6590,-0.5145,0.0000,0.0000,1.1090,-0.2258,0.7182,0.2607,0.7685,0.7200,2080.4099,-0.0128
2015-12-31,115.4858,25.9654,5.6516,18.2100,10.0918,-0.2462,0.0000,4.3900,3.2123,0.8904,50.5143,-2.1604,1.2065,0.1420,0.1357,-0.2498,0.6255,-0.5156,0.0000,0.0000,1.1286,-0.1697,0.6580,0.2269,0.6827,0.6148,2043.9399,-0.0301
2016-01-31,107.4481,24.2062,6.3229,20.2000,9.9673,-0.3937,0.0000,4.3900,3.3626,0.9737,47.2072,-2.4861,0.8428,-0.1168,0.4229,0.0160,0.6096,-0.5210,0.0000,0.0000,1.3174,-0.0032,0.4452,0.1995,0.4589,0.6242,1940.2400,-0.0793
2016-02-29,107.6716,24.0026,5.3256,20.5500,9.2745,0.0684,0.0000,4.3900,3.5590,0.9422,46.9829,-2.4361,0.8506,-0.1466,-0.0055,0.0628,0.5276,-0.4998,0.0000,0.0000,1.5627,-0.0660,0.4105,0.2770,0.5354,0.4890,1932.2300,-0.0831
2016-03-31,115.3369,25.3723,6.4101,13.9500,9.6088,0.0232,0.0000,4.3900,3.2445,0.8363,50.1060,-1.7018,1.1912,0.0556,0.4602,-0.8196,0.5656,-0.5009,0.0000,0.0000,1.1534,-0.2770,0.6041,0.2481,0.6391,0.6075,2059.7400,-0.0226
2016-04-30,115.3996,25.9223,7.0287,15.7000,9.9285,0.0708,0.0000,4.3900,2.9740,0.8206,50.4168,-2.0878,1.1896,0.1367,0.7250,-0.5838,0.6018,-0.4978,0.0000,0.0000,0.8029,-0.3073,0.6427,0.1217,0.5239,0.4556,2065.3000,-0.0200
2016-05-31,117.4142,25.6947,6.2846,14.1900,9.7690,-0.0643,0.0000,4.3900,2.8732,0.8320,50.9593,-1.7593,1.2751,0.1028,0.4035,-0.7845,0.5819,-0.5028,0.0000,0.0000,0.6715,-0.2836,0.6533,0.1817,0.6316,0.4181,2096.9500,-0.0050
2016-06-30,115.7548,25.8404,6.5507,15.6300,8.8940,-0.2824,0.0000,4.3900,2.8809,0.9077,50.1631,-1.9600,1.1961,0.1242,0.5174,-0.5899,0.4783,-0.5114,0.0000,0.0000,0.6800,-0.1320,0.5996,0.1617,0.5731,0.5704,2098.8601,-0.0040
2016-07-31,120.3383,26.6940,7.0884,11.8700,8.8517,-0.4678,0.0000,4.3900,2.7174,0.8029,51.9613,-1.5115,1.3956,0.2506,0.7479,-1.0917,0.4724,-0.5186,0.0000,0.0000,0.4680,-0.3405,0.7062,0.1414,0.6232,0.5391,2173.6001,0.0000
2016-08-31,120.5910,26.9489,6.9810,13.4200,7.4316,-0.4017,0.0000,4.3900,2.6886,0.7918,51.6572,-1.7327,1.4006,0.2881,0.6999,-0.8810,0.3048,-0.5147,0.0000,0.0000,0.4300,-0.3615,0.6645,0.1092,0.5682,0.4939,2170.9500,-0.0012
2016-09-30,119.6442,26.7279,7.0949,13.2900,7.9924,-0.7161,0.0000,4.3900,2.6810,0.8330,51.4548,-1.6807,1.3525,0.2548,0.7475,-0.8961,0.3703,-0.5275,0.0000,0.0000,0.4194,-0.2784,0.6592,0.1167,0.5701,0.4984,2168.2700,-0.0025
2016-10-31,116.7713,26.5251,6.6932,17.0600,8.2532,-0.7799,0.0000,4.3900,2.6129,0.8748,50.5166,-2.1565,1.2195,0.2242,0.5724,-0.3885,0.4004,-0.5293,0.0000,0.0000,0.3307,-0.1941,0.6147,0.0689,0.4972,0.4514,2126.1499,-0.0218
2016-11-30,122.1405,26.8510,7.0950,13.3300,7.0377,-0.7093,0.0000,4.3900,2.5676,0.8929,52.0097,-1.6950,1.4525,0.2724,0.7448,-0.8883,0.2563,-0.5252,0.0000,0.0000,0.2715,-0.1576,0.6604,0.1118,0.5885,0.5506,2198.8101,0.0000
2016-12-31,122.3315,27.8651,6.7142,14.0400,6.4390,-0.7831,0.0000,4.3900,2.3352,0.7933,52.2118,-1.7789,1.4542,0.4234,0.5785,-0.7908,0.1852,-0.5275,0.0000,0.0000,-0.0303,-0.3557,0.6876,0.0505,0.5620,0.4503,2238.8301,0.0000
2017-01-31,124.8633,28.0636,5.7752,11.9900,5.6191,-0.6584,0.0000,4.3900,2.2280,0.8000,52.8487,-1.3841,1.5589,0.4523,0.1706,-1.0636,0.0880,-0.5210,0.0000,0.0000,-0.1695,-0.3413,0.6997,0.1290,0.7032,0.4979,2278.8701,0.0000
2017-02-28,129.3755,28.6551,6.1143,12.9200,4.9670,-0.4698,0.0000,4.3900,2.2221,0.8120,54.3325,-1.5915,1.7488,0.5400,0.3175,-0.9357,0.0106,-0.5116,0.0000,0.0000,-0.1769,-0.3162,0.7664,0.0910,0.7120,0.5962,2363.6399,0.0000
2017-03-31,127.3333,29.0869,5.8154,12.3700,2.0444,-0.2949,0.0000,4.3900,2.2000,0.8339,52.8215,-1.4952,1.6492,0.6036,0.1871,-1.0068,-0.3362,-0.5029,0.0000,0.0000,-0.2055,-0.2717,0.6389,0.1208,0.6791,0.6625,2362.7200,-0.0004
2017-04-30,129.2277,28.9042,6.1487,10.8200,1.6510,-0.1011,0.0000,4.3900,2.2721,0.9266,53.2610,-1.3256,1.7227,0.5750,0.3319,-1.2113,-0.3823,-0.4934,0.0000,0.0000,-0.1111,-0.0861,0.6385,0.1680,0.7318,0.6858,2384.2000,0.0000
2017-05-31,129.9199,29.3133,6.0656,10.4100,0.7897,-0.0332,0.0000,4.3900,2.2459,0.8305,53.3410,-1.2823,1.7428,0.6352,0.2951,-1.2617,-0.4841,-0.4895,0.0000,0.0000,-0.1452,-0.2774,0.6313,0.1477,0.7038,0.6517,2411.8000,0.0000
2017-06-30,129.5662,29.7485,5.6331,11.1800,0.8476,-0.0702,0.0000,4.3900,2.1832,0.8235,53.3874,-1.3352,1.7172,0.6992,0.1059,-1.1541,-0.4763,-0.4903,0.0000,0.0000,-0.2270,-0.2906,0.6467,0.1459,0.7295,0.6341,2423.4099,0.0000
2017-07-31,131.8154,30.0022,5.3434,10.2600,1.1533,0.0176,0.0000,4.3900,2.0715,0.8116,54.3236,-1.1926,1.8044,0.7358,-0.0209,-1.2729,-0.4390,-0.4855,0.0000,0.0000,-0.3729,-0.3135,0.7004,0.1561,0.7972,0.6608,2470.3000,0.0000
2017-08-31,132.2229,29.9150,5.4529,10.5900,1.6009,-0.1244,0.0000,4.3900,2.1009,0.8489,54.5796,-1.2255,1.8108,0.7210,0.0271,-1.2241,-0.3849,-0.4909,0.0000,0.0000,-0.3338,-0.2381,0.7156,0.1594,0.8086,0.7503,2471.6499,0.0000
2017-09-30,133.3070,30.1681,5.2779,9.5100,1.6808,0.0822,0.0000,4.3900,2.1015,0.7834,55.0520,-1.0850,1.8460,0.7575,-0.0497,-1.3634,-0.3747,-0.4809,0.0000,0.0000,-0.3324,-0.3680,0.7429,0.1705,0.8404,0.7653,2519.3601,0.0000
2017-10-31,136.1951,30.9204,4.9055,10.1800,0.9984,0.1525,0.0000,4.3900,1.9568,0.8207,56.0380,-1.1529,1.9573,0.8689,-0.2131,-1.2688,-0.4557,-0.4769,0.0000,0.0000,-0.5221,-0.2926,0.7902,0.1634,0.9016,0.7836,2575.2600,0.0000
2017-11-30,139.5927,31.2989,4.7416,11.2800,0.6688,-0.1735,0.0000,4.3900,1.9162,0.8061,57.1868,-1.2480,2.0876,0.9235,-0.2848,-1.1178,-0.4944,-0.4906,0.0000,0.0000,-0.5745,-0.3209,0.8389,0.1425,0.9265,0.7953,2647.5801,0.0000
2017-12-31,138.4230,32.0861,4.8513,11.0400,1.4668,-0.0622,0.0000,4.3900,1.8210,0.8066,57.3253,-1.2588,2.0224,1.0393,-0.2361,-1.1461,-0.3978,-0.4847,0.0000,0.0000,-0.6987,-0.3189,0.8880,0.1213,0.9390,0.8455,2673.6101,0.0000
2018-01-31,146.3915,33.3073,4.3355,13.5400,1.1757,-0.7781,0.0000,4.3900,1.6724,0.8375,60.2915,-1.4568,2.3410,1.2194,-0.4630,-0.8095,-0.4321,-0.5159,0.0000,0.0000,-0.8927,-0.2564,1.0428,0.0913,1.0628,0.8032,2823.8101,0.0000
2018-02-28,140.4409,32.0354,3.9469,19.8500,1.6170,-1.4495,0.0000,4.3900,1.6500,1.0639,58.0311,-2.1777,2.0724,1.0244,-0.6335,0.0354,-0.3784,-0.5451,0.0000,0.0000,-0.9198,0.1958,0.9061,0.0599,0.9485,0.9188,2713.8301,-0.0389
2018-03-31,134.2922,31.8084,3.9481,19.9700,3.1835,-1.7321,0.0000,4.3900,1.7976,0.9665,56.4280,-2.1474,1.8014,0.9874,-0.6317,0.0515,-0.1892,-0.5567,0.0000,0.0000,-0.7232,0.0010,0.8665,0.0593,0.8804,0.9034,2640.8701,-0.0648
2018-04-30,134.9155,30.9702,3.5207,15.9300,4.9399,-2.1757,0.0000,4.3900,1.8000,0.9644,56.9418,-1.4458,1.8165,0.8587,-0.8190,-0.4902,0.0227,-0.5756,0.0000,0.0000,-0.7185,-0.0033,0.8993,0.1662,1.0261,1.0015,2648.0500,-0.0622
2018-05-31,139.5919,31.2436,3.8177,15.4300,5.3391,-2.9686,0.0000,4.3900,1.8477,0.8988,58.7249,-1.3061,1.9986,0.8977,-0.6860,-0.5564,0.0709,-0.6101,0.0000,0.0000,-0.6540,-0.1341,0.9891,0.1521,1.0614,1.0262,2705.2700,-0.0420
2018-06-30,137.6690,31.6306,4.0544,16.0900,5.9728,-3.5367,0.0000,4.3900,1.9224,0.8828,58.4241,-1.3446,1.9055,0.9536,-0.5800,-0.4668,0.1474,-0.6345,0.0000,0.0000,-0.5541,-0.1655,1.0022,0.1374,1.0363,1.0437,2718.3701,-0.0373
2018-07-31,142.9887,31.8864,3.6544,12.8300,5.9485,-4.2014,0.0000,4.3900,1.9024,0.8654,60.2745,-0.7322,2.1107,0.9894,-0.7557,-0.9037,0.1443,-0.6631,0.0000,0.0000,-0.5795,-0.1997,1.0815,0.2205,1.2078,1.0367,2816.2900,-0.0027
2018-08-31,146.8171,32.3903,3.7460,12.8600,6.1451,-5.2432,0.0000,4.3900,1.8770,0.8350,61.7841,-0.6087,2.2500,1.0623,-0.7136,-0.8974,0.1679,-0.7087,0.0000,0.0000,-0.6121,-0.2598,1.1601,0.2068,1.2514,1.1325,2901.5200,0.0000
2018-09-30,145.1145,32.6229,3.6993,12.1200,5.5301,-5.8970,0.0000,4.3900,1.8795,0.8477,61.0892,-0.4007,2.1624,1.0941,-0.7327,-0.9944,0.0930,-0.7367,0.0000,0.0000,-0.6076,-0.2338,1.1165,0.2318,1.2526,1.2133,2913.9800,0.0000
2018-10-31,134.6139,31.0380,3.2428,21.2300,7.0791,-7.0952,0.0000,4.3900,1.9104,0.9952,57.5770,-1.4403,1.7222,0.8528,-0.9332,0.2333,0.2811,-0.7891,0.0000,0.0000,-0.5654,0.0610,0.9520,0.1407,1.0275,1.0631,2711.7400,-0.0694
2018-11-30,136.7568,30.1956,3.0592,18.0700,8.1940,-7.6921,0.0000,4.3900,2.1010,0.9706,58.3821,-0.8536,1.7991,0.7240,-1.0120,-0.1929,0.4163,-0.8142,0.0000,0.0000,-0.3114,0.0118,0.9798,0.2456,1.1496,1.1331,2760.1699,-0.0528
2018-12-31,123.0465,28.2919,4.0988,25.4200,9.8608,-8.3855,0.0000,4.3900,2.3011,1.0616,53.7331,-1.9115,1.2360,0.4356,-0.5488,0.7987,0.6186,-0.8435,0.0000,0.0000,-0.0447,0.1933,0.7634,0.1060,0.7643,1.1204,2506.8501,-0.1397
2019-01-31,133.3498,28.3802,4.2504,16.5700,10.0969,-8.5885,0.0000,4.3900,2.4062,0.9672,57.2756,-0.6384,1.6470,0.4482,-0.4805,-0.3974,0.6461,-0.8507,0.0000,0.0000,0.0954,0.0044,0.9138,0.2612,1.0409,0.9996,2704.1001,-0.0720
2019-02-28,138.4455,29.5415,3.8828,14.7800,10.0609,-9.5327,0.0000,4.3900,2.2711,0.9139,59.3493,-0.2222,1.8428,0.6229,-0.6430,-0.6385,0.6405,-0.8913,0.0000,0.0000,-0.0850,-0.1018,1.0354,0.2837,1.1817,1.0694,2784.4900,-0.0444
2019-03-31,138.8486,29.5762,3.8773,13.7100,10.0448,-9.9399,0.0000,4.3900,2.2648,0.8981,59.4899,-0.0135,1.8477,0.6270,-0.6442,-0.7818,0.6373,-0.9074,0.0000,0.0000,-0.0933,-0.1331,1.0373,0.3010,1.2025,1.1020,2834.3999,-0.0273
2019-04-30,144.1763,30.1335,4.0532,13.1200,7.1463,-10.1675,0.0000,4.3900,2.1710,0.8580,60.4854,0.0590,2.0479,0.7100,-0.5647,-0.8597,0.2820,-0.9154,0.0000,0.0000,-0.2186,-0.2126,1.0133,0.2727,1.1738,1.0911,2945.8301,0.0000
2019-05-31,134.3465,29.2420,4.3739,18.7100,6.9515,-11.0011,0.0000,4.3900,2.2332,0.9556,56.8467,-0.6434,1.6446,0.5737,-0.4208,-0.1015,0.2577,-0.9507,0.0000,0.0000,-0.1350,-0.0174,0.8253,0.1887,0.9231,1.0415,2752.0601,-0.0658
2019-06-30,141.3569,29.2838,4.8333,15.0800,6.8008,-11.1178,0.0000,4.3900,2.3865,0.9380,59.1472,-0.1544,1.9133,0.5789,-0.2150,-0.5933,0.2389,-0.9535,0.0000,0.0000,0.0709,-0.0526,0.9104,0.2543,1.0431,0.9906,2941.7600,-0.0014
2019-07-31,143.8928,29.9867,5.1615,16.1200,6.5011,-11.1981,0.0000,4.3900,2.2200,0.8715,60.1268,-0.3717,2.0007,0.6845,-0.0680,-0.4512,0.2017,-0.9547,0.0000,0.0000,-0.1529,-0.1849,0.9623,0.1623,0.9785,0.9663,2980.3799,0.0000
2019-08-31,139.3767,28.7054,5.0195,18.9800,6.8988,-10.8788,0.0000,4.3900,2.2473,0.9754,58.3270,-0.7869,1.8105,0.4886,-0.1315,-0.0620,0.2503,-0.9378,0.0000,0.0000,-0.1160,0.0227,0.8498,0.1483,0.8799,0.8995,2926.4600,-0.0181
2019-09-30,139.7584,29.2295,5.7932,16.2400,6.7877,-7.9943,0.0000,4.3900,2.2150,0.8748,58.5919,-0.9370,1.8150,0.5675,0.2156,-0.4346,0.2363,-0.8051,0.0000,0.0000,-0.1593,-0.1781,0.8729,0.0981,0.8093,0.8788,2976.7400,-0.0012
2019-10-31,142.8597,28.8411,6.6039,13.2200,5.0316,-2.8965,0.0000,4.3900,2.2183,0.8800,58.9108,-1.3484,1.9251,0.5074,0.5790,-0.8446,0.0196,-0.5727,0.0000,0.0000,-0.1547,-0.1671,0.8174,0.0738,0.7248,0.8761,3037.5601,0.0000
2019-11-30,147.1082,29.8369,7.1492,12.6200,4.0212,-1.0811,0.0000,4.3900,2.1280,0.8097,60.3221,-1.6229,2.0774,0.6581,0.8225,-0.9242,-0.1051,-0.4895,0.0000,0.0000,-0.2763,-0.3068,0.8768,0.0011,0.6812,0.6578,3140.9800,0.0000
2019-12-31,149.9230,30.3318,6.3698,13.7800,1.6712,2.2071,0.0000,4.3900,2.0157,0.8531,60.6420,-2.1569,2.1708,0.7322,0.4709,-0.7642,-0.3952,-0.3394,0.0000,0.0000,-0.4277,-0.2196,0.8359,-0.0021,0.6979,0.6075,3230.7800,0.0000
2020-01-31,148.0957,30.9852,6.8024,18.8400,1.3724,2.7713,0.0000,4.3900,2.0143,0.8849,60.1511,-3.0178,2.0844,0.8302,0.6645,-0.0731,-0.4315,-0.3133,0.0000,0.0000,-0.4289,-0.1555,0.8277,-0.1232,0.5458,0.5145,3225.5200,-0.0016
2020-02-29,135.4046,30.7297,6.6943,40.1100,0.8463,4.6306,0.0000,4.3900,2.1068,1.0107,55.6602,-6.2753,1.5842,0.7894,0.6146,2.8017,-0.4959,-0.2282,0.0000,0.0000,-0.3029,0.0958,0.6259,-0.4850,-0.0206,0.0807,2954.2200,-0.0856
2020-03-31,122.1668,24.8172,13.3929,53.5400,16.0018,32.8308,0.0000,4.3900,3.4182,1.1700,54.3286,-12.9694,1.0683,-0.1151,3.5705,4.0000,1.3798,1.0559,0.0000,0.0000,1.4725,0.4133,0.7776,-0.9629,-0.8713,0.0095,2584.5901,-0.2000
2020-04-30,139.4923,25.9274,19.6349,34.1500,28.7724,71.1172,0.0000,4.3900,3.4695,1.0234,64.7307,-16.5742,1.7301,0.0549,4.0000,1.9182,2.9249,2.7705,0.0000,0.0000,1.5352,0.1198,1.5700,-1.0048,-0.4613,-0.3480,2912.4299,-0.0985
2020-05-31,144.5199,27.3285,22.0537,27.5100,29.3775,84.2768,0.0000,4.3900,3.2800,0.9282,67.0753,-17.8917,1.9124,0.2695,4.0000,1.0423,2.9600,3.3116,0.0000,0.0000,1.2741,-0.0704,1.7140,-1.0215,-0.3711,-0.2186,3044.3101,-0.0577
2020-06-30,151.1786,28.8383,22.8245,30.4300,23.7894,85.0703,0.0000,4.3900,2.9132,0.9353,67.9355,-18.5838,2.1525,0.5006,4.0000,1.4205,2.2629,3.2940,0.0000,0.0000,0.7762,-0.0561,1.6387,-1.1421,-0.4919,-0.6225,3100.2900,-0.0404
2020-07-31,168.4138,29.5992,22.3867,24.4600,21.0739,83.8805,0.0000,4.3900,2.6895,0.8700,73.0290,-17.5397,2.7801,0.6165,4.0000,0.6356,1.9229,3.1933,0.0000,0.0000,0.4727,-0.1862,1.7732,-1.0775,-0.2718,-0.5727,3271.1201,0.0000
2020-08-31,178.8407,31.1582,22.8743,26.4100,18.4399,85.9180,0.0000,4.3900,2.6243,0.7994,76.1463,-18.1984,3.1304,0.8544,4.0000,0.8896,1.5985,3.2320,0.0000,0.0000,0.3837,-0.3265,1.8611,-1.1521,-0.2652,-0.4623,3500.3101,0.0000
2020-09-30,158.3367,30.8394,23.0322,26.3700,15.0332,78.8249,0.0000,4.3900,2.6848,0.8577,68.0698,-17.1850,2.3409,0.8036,4.0000,0.8823,1.1857,2.8912,0.0000,0.0000,0.4650,-0.2093,1.4434,-1.0740,-0.4793,-0.3318,3363.0000,-0.0392
2020-10-31,156.4346,31.2837,23.5081,38.0200,13.3168,77.7766,0.0000,4.3900,2.6532,0.9473,67.0117,-18.7592,2.2518,0.8700,4.0000,2.3924,0.9772,2.8131,0.0000,0.0000,0.4215,-0.0301,1.3663,-1.2592,-0.7258,-0.7545,3269.9600,-0.0658
2020-11-30,174.9028,32.4732,24.1566,20.5700,10.8380,78.0583,0.0000,4.3900,2.4265,0.9212,72.7380,-16.4353,2.9005,1.0504,4.0000,0.1127,0.6784,2.7923,0.0000,0.0000,0.1132,-0.0821,1.5431,-0.9820,-0.2276,-0.4162,3621.6299,0.0000
2020-12-31,176.8821,33.7656,24.7101,22.7500,9.8866,76.4258,0.0000,4.3900,2.2305,0.8794,73.5114,-16.6266,2.9357,1.2453,4.0000,0.3973,0.5632,2.6946,0.0000,0.0000,-0.1534,-0.1652,1.5814,-1.0587,-0.2639,-0.3932,3756.0701,0.0000
2021-01-31,176.1037,34.5124,25.8597,33.0900,8.6183,78.3619,0.0000,4.3900,2.1626,0.8994,73.0782,-18.5514,2.8721,1.3552,4.0000,1.7420,0.4101,2.7438,0.0000,0.0000,-0.2455,-0.1250,1.5458,-1.2652,-0.5121,-0.5883,3714.2400,-0.0111
2021-02-28,187.2643,35.1039,27.2062,27.9500,10.5630,82.5144,0.0000,4.3900,2.1632,0.8295,77.6438,-18.6126,3.2253,1.4404,4.0000,1.0678,0.6429,2.8789,0.0000,0.0000,-0.2445,-0.2640,1.7695,-1.2079,-0.2905,-0.5157,3811.1499,0.0000
2021-03-31,182.6234,35.0425,20.8073,19.4000,-8.2027,32.3040,0.0000,4.3900,2.1317,0.8602,69.8211,-9.3042,3.0198,1.4254,3.8876,-0.0485,-1.6095,0.8358,0.0000,0.0000,-0.2870,-0.2021,0.9452,-0.7377,-0.2125,-0.1501,3972.8899,0.0000
2021-04-30,194.8081,36.7198,16.0825,18.6100,-15.1265,16.9027,0.0000,4.3900,1.9724,0.8204,72.1338,-6.3446,3.3924,1.6743,2.6275,-0.1516,-2.4199,0.2091,0.0000,0.0000,-0.5042,-0.2809,0.8823,-0.4957,0.1712,-0.2277,4181.1699,0.0000
2021-05-31,193.5184,36.5521,12.9871,16.7600,-15.7254,11.3596,0.0000,4.3900,1.9990,0.8594,71.4484,-4.8369,3.2961,1.6408,1.8158,-0.3932,-2.4685,-0.0166,0.0000,0.0000,-0.4670,-0.2025,0.8228,-0.2965,0.4123,0.1938,4204.1099,0.0000
2021-06-30,191.5484,36.6963,11.8370,15.8300,-14.6219,15.2589,0.0000,4.3900,1.9259,0.8270,71.2076,-5.1119,3.1821,1.6548,1.5125,-0.5143,-2.3184,0.1422,0.0000,0.0000,-0.5662,-0.2666,0.8395,-0.2819,0.4501,0.3665,4297.5000,0.0000
2021-07-31,194.0778,37.4434,13.2080,18.2400,-13.8047,18.3111,0.0000,4.3900,1.9262,0.8167,72.5722,-6.0895,3.2198,1.7593,1.8552,-0.1979,-2.2052,0.2664,0.0000,0.0000,-0.5649,-0.2864,0.9246,-0.3964,0.3551,0.4171,4395.2598,0.0000
2021-08-31,199.8924,37.9735,12.9862,16.4800,-13.6597,19.2024,0.0000,4.3900,1.9564,0.8115,74.7354,-5.9301,3.3602,1.8295,1.7885,-0.4284,-2.1722,0.3024,0.0000,0.0000,-0.5226,-0.2960,1.0059,-0.3545,0.4680,0.3816,4522.6802,0.0000
2021-09-30,188.6392,37.6203,12.6035,23.1400,-11.3723,19.7254,0.0000,4.3900,1.8552,0.8804,71.6291,-6.9062,2.9516,1.7667,1.6822,0.4466,-1.8938,0.3234,0.0000,0.0000,-0.6604,-0.1578,0.9415,-0.4672,0.2874,0.3134,4307.5400,-0.0476
2021-10-31,199.9992,37.2530,12.7430,16.2600,-9.8755,19.7287,0.0000,4.3900,1.7738,0.8398,75.7922,-5.9612,3.2729,1.7027,1.7093,-0.4582,-1.7110,0.3231,0.0000,0.0000,-0.7708,-0.2385,1.0882,-0.3691,0.5064,0.4177,4605.3799,0.0000
2021-11-30,195.0820,38.5826,12.1433,27.1900,-7.4230,20.3048,0.0000,4.3900,1.7205,0.8329,75.4139,-7.5278,3.0727,1.8919,1.5497,0.9793,-1.4207,0.3462,0.0000,0.0000,-0.8423,-0.2516,1.1813,-0.5670,0.3477,0.3146,4567.0000,-0.0083
2021-12-31,195.2402,38.3048,12.6644,17.2200,-3.6056,18.9331,0.0000,4.3900,1.8345,0.8495,76.6465,-5.9634,3.0377,1.8400,1.6742,-0.3338,-0.9756,0.2895,0.0000,0.0000,-0.6841,-0.2179,1.3007,-0.3617,0.6345,0.5644,4766.1802,0.0000
2022-01-31,184.1425,36.9368,11.0067,24.8300,-2.7929,19.6566,0.0000,4.3900,1.8210,0.8912,72.7621,-6.9130,2.6598,1.6276,1.2492,0.6687,-0.8794,0.3188,0.0000,0.0000,-0.7014,-0.1341,1.1360,-0.4389,0.4363,0.4596,4515.5498,-0.0526
2022-02-28,178.3452,35.2871,10.3587,30.1500,-3.6497,17.6284,0.0000,4.3900,2.0337,0.9360,69.9942,-7.2539,2.4561,1.3762,1.0819,1.3659,-0.9764,0.2350,0.0000,0.0000,-0.4077,-0.0444,0.9520,-0.4478,0.2836,0.4531,4373.9399,-0.0823
2022-03-31,179.5555,34.2708,8.7111,20.5600,-1.1001,16.2330,0.0000,4.3900,2.1661,0.9210,70.9087,-5.4324,2.4714,1.2207,0.6627,0.1015,-0.6793,0.1773,0.0000,0.0000,-0.2247,-0.0743,1.0043,-0.1772,0.6309,0.6316,4530.4102,-0.0495
2022-04-30,163.4519,33.8892,7.3374,33.4000,0.8132,14.8855,0.0000,4.3900,1.9115,0.8897,66.0514,-6.9188,1.9613,1.1604,0.3135,1.7870,-0.4565,0.1215,0.0000,0.0000,-0.5754,-0.1364,0.8884,-0.4191,0.2818,0.4130,4131.9302,-0.1331
2022-05-31,162.5984,30.6732,6.2278,26.1900,3.2113,12.7884,0.0000,4.3900,2.2186,0.9473,65.4943,-5.3786,1.9236,0.6798,0.0315,0.8361,-0.1776,0.0349,0.0000,0.0000,-0.1507,-0.0212,0.8086,-0.1535,0.5031,0.5540,4132.1499,-0.1330
2022-06-30,145.6062,29.0477,5.9062,28.7100,9.2228,10.3361,0.0000,4.3900,2.1243,0.9485,61.2922,-5.3557,1.3966,0.4367,-0.0503,1.1645,0.5211,-0.0665,0.0000,0.0000,-0.2808,-0.0187,0.7848,-0.1925,0.4024,0.5651,3785.3799,-0.2058
2022-07-31,158.9702,29.0046,4.8706,21.3300,10.4396,8.1315,0.0000,4.3900,2.3175,0.9168,66.1381,-3.8154,1.7970,0.4296,-0.3137,0.1928,0.6616,-0.1576,0.0000,0.0000,-0.0131,-0.0821,0.9628,0.0262,0.7887,0.7442,4130.2900,-0.1334
2022-08-31,153.1358,30.6988,3.3222,25.8700,12.3478,5.7122,0.0000,4.3900,2.2548,0.8942,65.3941,-3.9093,1.6113,0.6816,-0.7073,0.7895,0.8820,-0.2575,0.0000,0.0000,-0.0999,-0.1269,1.0583,-0.0074,0.8416,0.7073,3955.0000,-0.1702
2022-09-30,135.9559,28.2299,2.5281,31.6200,13.9408,4.1144,0.0000,4.3900,2.1748,0.9678,59.3755,-4.3900,1.0839,0.3120,-0.9079,1.5412,1.0649,-0.3234,0.0000,0.0000,-0.2108,0.0202,0.8203,-0.0715,0.5880,0.6330,3585.6201,-0.2477
2022-10-31,146.0918,27.0808,0.8432,25.8800,14.4629,1.9507,0.0000,4.3900,2.2719,0.9812,62.5451,-3.0044,1.3882,0.1397,-1.3335,0.7841,1.1226,-0.4127,0.0000,0.0000,-0.0756,0.0470,0.8835,0.1333,0.8930,0.7172,3871.9800,-0.1876
2022-11-30,153.5261,28.3789,-0.0645,20.5800,13.9177,-0.7610,0.0000,4.3900,2.1833,0.9125,65.2742,-1.7527,1.6078,0.3339,-1.5583,0.0861,1.0564,-0.5247,0.0000,0.0000,-0.1987,-0.0903,0.9993,0.2440,1.1349,1.0651,4080.1101,-0.1439
2022-12-31,143.4947,28.3169,-1.5393,21.6700,12.3582,-2.3556,0.0000,4.3900,1.9776,0.8918,61.3899,-1.5022,1.2982,0.3241,-1.9226,0.2295,0.8728,-0.5901,0.0000,0.0000,-0.4848,-0.1314,0.8317,0.2382,1.0422,1.0158,3839.5000,-0.1944
2023-01-31,152.4552,28.3348,-1.9307,19.4000,13.4643,-4.4008,0.0000,4.3900,1.9705,0.9132,64.7514,-0.8278,1.5640,0.3264,-2.0094,-0.0701,0.9992,-0.6741,0.0000,0.0000,-0.4940,-0.0883,0.9632,0.3102,1.2330,0.9933,4076.6001,-0.1447
2023-02-28,148.4329,28.9198,-2.5818,20.7000,12.0399,-6.1148,0.0000,4.3900,1.8474,0.9260,63.1308,-0.6914,1.4365,0.4138,-2.1589,0.1016,0.8315,-0.7442,0.0000,0.0000,-0.6648,-0.0624,0.8939,0.2963,1.1941,1.1412,3970.1499,-0.1670
2023-03-31,149.1314,27.9381,-4.4651,18.7000,9.1108,-2.5870,0.0000,4.3900,2.0513,0.9323,62.0601,-0.6106,1.4522,0.2656,-2.6077,-0.1628,0.4893,-0.5960,0.0000,0.0000,-0.3792,-0.0497,0.7357,0.4197,1.2418,1.1918,4109.3101,-0.1378
2023-04-30,150.1555,28.7648,-4.3493,15.7800,7.6504,-4.2110,0.0000,4.3900,2.0695,0.8630,62.1902,0.0147,1.4774,0.3897,-2.5550,-0.5488,0.3185,-0.6627,0.0000,0.0000,-0.3533,-0.1879,0.7285,0.4607,1.2843,1.2384,4169.4800,-0.1252
2023-05-31,154.2666,28.7621,-3.6946,17.9400,4.8928,-5.9360,0.0000,4.3900,2.1927,0.8520,62.6405,-0.1250,1.5948,0.3887,-2.3733,-0.2620,-0.0036,-0.7334,0.0000,0.0000,-0.1804,-0.2095,0.6600,0.4255,1.1904,1.2048,4179.8301,-0.1230
2023-06-30,164.0893,29.9400,-4.0614,13.5900,2.5096,-6.4244,0.0000,4.2845,1.9990,0.8232,65.5130,0.5718,1.8807,0.5657,-2.4429,-0.8377,-0.2820,-0.7523,0.0000,-0.2105,-0.4515,-0.2663,0.7215,0.4435,1.2866,1.1104,4450.3799,-0.0663
2023-07-31,168.7517,30.8917,-4.1905,13.6300,1.9851,-7.2740,0.0000,3.9345,1.8420,0.8481,67.2095,0.6370,2.0086,0.7083,-2.4535,-0.8307,-0.3429,-0.7863,0.0000,-0.9083,-0.6707,-0.2160,0.7913,0.3251,1.1904,1.0244,4588.9600,-0.0372
2023-08-31,165.2953,30.3047,-3.9081,13.5700,1.4018,-7.9852,0.0000,3.9030,1.8496,0.8843,65.6673,0.7086,1.8945,0.6185,-2.3657,-0.8370,-0.4107,-0.8145,0.0000,-0.9689,-0.6589,-0.1434,0.7008,0.3208,1.1114,1.0614,4507.6602,-0.0542
2023-09-30,153.8994,29.7997,-3.6308,17.5200,0.3544,-9.0216,0.0000,3.8860,1.7770,0.8934,61.3512,0.2413,1.5478,0.5412,-2.2813,-0.3117,-0.5328,-0.8561,0.0000,-1.0006,-0.7595,-0.1248,0.5187,0.2235,0.8599,0.9531,4288.0498,-0.1003
2023-10-31,150.0767,28.7691,-3.6669,18.1400,-0.1911,-9.3460,0.0000,4.3555,1.8318,0.9429,59.5515,0.2861,1.4286,0.3846,-2.2730,-0.2289,-0.5959,-0.8678,0.0000,-0.0615,-0.6812,-0.0258,0.4057,0.3716,0.9938,1.0824,4193.7998,-0.1201
2023-11-30,163.1404,30.0132,-2.9772,12.9200,-0.5550,-9.1843,0.0000,3.9900,1.7890,0.8622,64.1996,0.8404,1.8083,0.5723,-2.0939,-0.9221,-0.6376,-0.8593,0.0000,-0.7905,-0.7400,-0.1868,0.5810,0.3083,1.0108,0.9228,4567.7998,-0.0416
2023-12-31,169.9775,31.4523,-2.2868,12.4500,-1.2841,-9.8044,0.0000,3.5835,1.6220,0.8222,66.7153,0.8098,1.9993,0.7892,-1.9181,-0.9824,-0.7220,-0.8834,0.0000,-1.5997,-0.9729,-0.2661,0.6888,0.1350,0.8602,0.7491,4769.8301,0.0000
2024-01-31,172.9001,32.0451,-1.7643,14.3500,-1.7700,-9.5272,0.0000,3.5462,1.6190,0.8747,67.7250,0.4259,2.0726,0.8773,-1.7847,-0.7280,-0.7777,-0.8699,0.0000,-1.6703,-0.9748,-0.1606,0.7241,0.0824,0.8261,0.6736,4845.6499,0.0000
2024-02-29,180.0172,33.0372,-1.4886,13.4000,-1.3801,-9.2555,0.0000,3.3610,1.5585,0.8982,70.5581,0.4517,2.2657,1.0255,-1.7112,-0.8528,-0.7305,-0.8568,0.0000,-2.0359,-1.0574,-0.1134,0.8536,0.0306,0.8515,0.6465,5096.2700,0.0000
2024-03-31,183.4623,33.7549,0.7519,13.0100,-1.0651,-14.0272,0.0000,3.1820,1.5450,0.8802,72.0507,0.8389,2.3484,1.1314,-1.1768,-0.9029,-0.6922,-1.0542,0.0000,-2.3882,-1.0737,-0.1491,0.9292,-0.0682,0.7468,0.6746,5254.3501,0.0000
2024-04-30,176.9043,33.1416,1.0227,15.6500,-0.7305,-13.5509,0.0000,3.2273,1.4632,0.9375,69.7718,0.3580,2.1429,1.0358,-1.1098,-0.5500,-0.6516,-1.0318,0.0000,-2.2923,-1.1855,-0.0343,0.8423,-0.1172,0.6294,0.6237,5035.6899,-0.0416
2024-05-31,183.8246,33.7736,0.6122,12.9200,-0.1299,-13.1356,0.0000,3.1168,1.4682,0.8835,72.4895,0.7246,2.3261,1.1287,-1.2035,-0.9124,-0.5799,-1.0119,0.0000,-2.5073,-1.1752,-0.1421,0.9583,-0.0995,0.7268,0.5864,5277.5098,0.0000
2024-06-30,186.4614,34.8105,1.4525,12.4400,0.9202,-13.3049,0.0000,3.1974,1.5142,0.8626,74.0641,0.7124,2.3833,1.2820,-1.0022,-0.9742,-0.4553,-1.0166,0.0000,-2.3407,-1.1075,-0.1834,1.0700,-0.0912,0.8091,0.7440,5460.4800,0.0000
2024-07-31,190.3557,35.4436,1.2827,16.3600,0.1944,-12.5308,0.0000,3.1509,1.5882,0.9139,75.3312,0.0773,2.4743,1.3734,-1.0398,-0.4502,-0.5402,-0.9819,0.0000,-2.4279,-1.0012,-0.0806,1.1025,-0.1482,0.7733,0.6437,5522.2998,0.0000
2024-08-31,193.3374,34.9196,2.0403,15.0000,0.2203,-12.2896,0.0000,3.3750,1.7336,0.9231,76.1591,0.1830,2.5371,1.2900,-0.8588,-0.6309,-0.5363,-0.9695,0.0000,-1.9751,-0.7951,-0.0621,1.0969,-0.0533,0.8800,0.8356,5648.3999,0.0000
2024-09-30,195.8174,35.6602,2.3182,16.7300,0.7544,-11.5221,0.0000,3.2625,1.6945,0.8892,77.4107,-0.2400,2.5840,1.3972,-0.7915,-0.3991,-0.4725,-0.9353,0.0000,-2.1949,-0.8485,-0.1297,1.1696,-0.1496,0.8068,0.7492,5762.4800,0.0000
2024-10-31,194.1915,36.5872,3.0273,23.1600,1.0259,-10.8454,0.0000,2.9304,1.5387,0.9688,77.2682,-1.4148,2.5164,1.5314,-0.6225,0.4610,-0.4397,-0.9050,0.0000,-2.8524,-1.0650,0.0296,1.2027,-0.4030,0.5145,0.5084,5705.4502,-0.0099
2024-11-30,207.1330,37.3502,3.1350,13.5100,0.7082,-11.4288,0.0000,2.6945,1.4195,0.9050,81.7305,-0.0282,2.8482,1.6395,-0.5961,-0.8303,-0.4767,-0.9275,0.0000,-3.3166,-1.2291,-0.0978,1.3370,-0.3271,0.6895,0.4915,6032.3799,0.0000
2024-12-31,196.4756,37.7112,3.4773,17.3500,1.2208,-10.7201,0.0000,2.7552,1.4095,0.8661,78.4692,-0.7252,2.5302,1.6863,-0.5141,-0.3152,-0.4153,-0.8959,0.0000,-3.1877,-1.2395,-0.1752,1.2671,-0.4110,0.5293,0.5326,5881.6299,-0.0250
2025-01-31,205.1360,37.1292,3.4452,16.4300,-3.6197,-10.6412,0.0000,2.7195,1.4470,0.8987,79.5485,-0.5955,2.7418,1.5923,-0.5210,-0.4381,-0.9880,-0.8907,0.0000,-3.2517,-1.1836,-0.1099,1.1154,-0.3850,0.4739,0.4960,6040.5298,0.0000
2025-02-28,198.8583,37.1872,3.4033,19.6300,-3.5799,-10.5936,0.0000,2.7132,1.4716,0.9038,77.4885,-1.0502,2.5475,1.5944,-0.5301,-0.0083,-0.9810,-0.8869,0.0000,-3.2568,-1.1460,-0.0994,1.0536,-0.4395,0.3592,0.4105,5954.5000,-0.0142
2025-03-31,185.6202,34.7848,3.1773,22.2800,-2.4757,-9.9467,0.0000,3.1714,1.6505,0.9913,72.6431,-1.3853,2.1728,1.2310,-0.5830,0.3475,-0.8482,-0.8580,0.0000,-2.3349,-0.8930,0.0755,0.8519,-0.2941,0.3999,0.5811,5611.8501,-0.0710
2025-04-30,184.9280,32.6213,3.9798,24.7000,-3.1777,-8.8720,0.0000,4.0348,1.9048,1.0659,71.4572,-1.8289,2.1402,0.9052,-0.3915,0.6721,-0.9296,-0.8113,0.0000,-0.6068,-0.5351,0.2241,0.7053,-0.0553,0.6293,0.8777,5569.0601,-0.0781
2025-05-31,196.8182,35.0767,3.8786,18.5700,-2.6668,-8.3889,0.0000,3.3538,1.8624,0.9142,76.4094,-1.1328,2.4414,1.2691,-0.4150,-0.1532,-0.8671,-0.7896,0.0000,-1.9642,-0.5937,-0.0791,0.9478,-0.1827,0.5909,0.5675,5911.6899,-0.0213
2025-06-30,202.6026,36.1111,4.3754,16.7300,-2.7888,-7.8682,0.0000,3.1235,1.7645,0.8750,78.6416,-1.0677,2.5738,1.4189,-0.2962,-0.4008,-0.8799,-0.7663,0.0000,-2.4193,-0.7301,-0.1571,1.0376,-0.2633,0.5434,0.4713,6204.9502,0.0000
2025-07-31,207.2719,37.4742,4.2722,16.7200,-2.8852,-7.4642,0.0000,2.8932,1.7068,0.8484,80.6203,-1.1542,2.6731,1.6159,-0.3204,-0.4016,-0.8895,-0.7480,0.0000,-2.8734,-0.8097,-0.2099,1.1332,-0.3461,0.5053,0.2639,6339.3901,0.0000
2025-08-31,212.3935,37.8461,4.1806,15.3600,-2.9486,-7.2980,0.0000,2.9057,1.7314,0.8358,82.4304,-0.9671,2.7806,1.6642,-0.3419,-0.5844,-0.8952,-0.7397,0.0000,-2.8418,-0.7737,-0.2345,1.1832,-0.3120,0.5854,0.4303,6460.2598,0.0000
2025-09-30,215.0872,38.5804,4.0775,16.2800,-3.1862,-6.6619,0.0000,2.7857,1.7129,0.8446,83.4938,-1.1932,2.8221,1.7652,-0.3661,-0.4594,-0.9216,-0.7117,0.0000,-3.0749,-0.7984,-0.2163,1.2219,-0.3646,0.5494,0.4353,6688.4600,0.0000
2025-10-31,219.5095,39.2057,4.0796,17.4400,-3.8254,-6.0805,0.0000,2.9248,1.6752,0.8874,84.9633,-1.4217,2.9058,1.8488,-0.3651,-0.3021,-0.9953,-0.6861,0.0000,-2.7904,-0.8497,-0.1304,1.2531,-0.3453,0.6248,0.5478,6840.2002,0.0000
2025-11-30,220.2314,39.1417,3.9063,16.3500,-3.0215,-5.1081,0.0000,3.0937,1.7616,0.9121,85.4505,-1.3401,2.8932,1.8302,-0.4061,-0.4491,-0.8979,-0.6441,0.0000,-2.4471,-0.7268,-0.0808,1.2752,-0.2508,0.7607,0.6884,6849.0898,0.0000
2025-12-31,216.5087,39.5579,4.3179,14.9500,1.8389,-3.0919,0.0000,2.8918,1.7545,0.8165,85.9685,-1.5304,2.7704,1.8820,-0.3070,-0.6379,-0.3190,-0.5582,0.0000,-2.8444,-0.7354,-0.2715,1.4445,-0.3354,0.7206,0.6356,6845.5000,-0.0005
2026-01-31,221.1194,39.5936,4.0377,17.4400,2.9253,-3.3824,0.0000,2.7380,1.6650,0.8444,87.8794,-1.8354,2.8576,1.8776,-0.3738,-0.2997,-0.1894,-0.5696,0.0000,-3.1449,-0.8601,-0.2153,1.5153,-0.4253,0.6642,0.5791,6939.0298,0.0000
2026-02-28,218.4508,39.2134,4.7317,19.8600,4.4269,-2.2510,0.0000,2.9079,1.6868,0.9116,87.3637,-2.4049,2.7632,1.8130,-0.2067,0.0288,-0.0103,-0.5211,0.0000,-2.7988,-0.8277,-0.0807,1.5220,-0.4297,0.6645,0.6954,6878.8799,-0.0087
2026-03-31,205.3916,38.9324,4.4454,25.2500,5.3625,-1.2328,0.0000,3.2218,1.7982,0.9898,83.2288,-3.2075,2.4176,1.7637,-0.2753,0.7602,0.1013,-0.4774,0.0000,-2.1662,-0.6693,0.0756,1.4275,-0.3954,0.6564,0.7437,6528.5200,-0.0592
2026-04-30,226.4399,38.9324,4.6578,16.8900,7.9324,-0.1390,0.0000,2.9157,1.7114,0.9017,91.1016,-2.2686,2.9101,1.7556,-0.2239,-0.3763,0.4080,-0.4306,0.0000,-2.7721,-0.7905,-0.1004,1.6912,-0.3760,0.8319,0.6758,7209.0098,0.0000
2026-05-31,237.7608,38.9324,4.6578,15.3200,7.9324,-0.1390,0.0000,2.7770,1.6190,0.8436,94.8752,-2.0856,3.1504,1.7476,-0.2236,-0.5892,0.4075,-0.4300,0.0000,-3.0428,-0.9192,-0.2161,1.7685,-0.4193,0.8314,0.7712,7580.0601,0.0000
